Sector,Company,Output,MSE,R2
BANKS,786,Output_1,0.004987,-0.253972
BANKS,786,Output_2,0.004558,-0.179862
BANKS,786,Output_3,0.005256,-0.544234
BANKS,786,Output_4,0.013128,-4.988128
BANKS,AHL,Output_1,0.020268,0.612312
BANKS,AHL,Output_2,0.022349,0.573895
BANKS,AHL,Output_3,0.027327,0.478224
BANKS,AHL,Output_4,0.035294,0.270346
BANKS,AKDSL,Output_1,0.026843,0.537318
BANKS,AKDSL,Output_2,0.03022,0.475439
BANKS,AKDSL,Output_3,0.043449,0.236341
BANKS,AKDSL,Output_4,0.086621,-0.589803
BANKS,AMBL,Output_1,0.021806,0.168083
BANKS,AMBL,Output_2,0.025588,0.109743
BANKS,AMBL,Output_3,0.04083,0.008007
BANKS,AMBL,Output_4,0.098693,-0.14112
BANKS,CASH,Output_1,0.037529,-3.849806
BANKS,CASH,Output_2,0.040335,-6.805114
BANKS,CASH,Output_3,0.037118,-5.112582
BANKS,CASH,Output_4,0.147743,-10.232709
BANKS,CYAN,Output_1,0.018166,0.706155
BANKS,CYAN,Output_2,0.019246,0.689205
BANKS,CYAN,Output_3,0.023862,0.615668
BANKS,CYAN,Output_4,0.038782,0.183349
BANKS,DEL,Output_1,0.015225,0.654235
BANKS,DEL,Output_2,0.017581,0.600426
BANKS,DEL,Output_3,0.026348,0.398599
BANKS,DEL,Output_4,0.056132,-0.296198
BANKS,DLL,Output_1,0.012011,0.220675
BANKS,DLL,Output_2,0.012327,0.20431
BANKS,DLL,Output_3,0.014076,0.101319
BANKS,DLL,Output_4,0.028995,0.185604
BANKS,ENGROH,Output_1,0.003233,0.698119
BANKS,ENGROH,Output_2,0.003558,0.671459
BANKS,ENGROH,Output_3,0.004752,0.597577
BANKS,ENGROH,Output_4,0.024458,0.303044
BANKS,ESBL,Output_1,0.007643,0.862592
BANKS,ESBL,Output_2,0.008087,0.853406
BANKS,ESBL,Output_3,0.009657,0.817514
BANKS,ESBL,Output_4,0.025873,0.34314
BANKS,FCIBL,Output_1,0.008325,-0.171676
BANKS,FCIBL,Output_2,0.00875,-0.220172
BANKS,FCIBL,Output_3,0.008516,-0.180904
BANKS,FCIBL,Output_4,0.017678,-2.503148
BANKS,FCSC,Output_1,0.013116,0.673409
BANKS,FCSC,Output_2,0.015523,0.614077
BANKS,FCSC,Output_3,0.023531,0.42196
BANKS,FCSC,Output_4,0.041202,0.012843
BANKS,FDPL,Output_1,0.014179,0.461192
BANKS,FDPL,Output_2,0.015818,0.39905
BANKS,FDPL,Output_3,0.018456,0.297892
BANKS,FDPL,Output_4,0.033846,-0.273219
BANKS,FNEL,Output_1,0.005135,0.865279
BANKS,FNEL,Output_2,0.005448,0.854518
BANKS,FNEL,Output_3,0.006382,0.813161
BANKS,FNEL,Output_4,0.007739,0.302887
BANKS,ICIBL,Output_1,0.007755,0.793883
BANKS,ICIBL,Output_2,0.009067,0.758129
BANKS,ICIBL,Output_3,0.013101,0.644642
BANKS,ICIBL,Output_4,0.00996,0.574723
BANKS,IMS,Output_1,0.00684,0.380287
BANKS,IMS,Output_2,0.008296,0.339392
BANKS,IMS,Output_3,0.018398,0.22021
BANKS,IMS,Output_4,0.059475,0.168591
BANKS,JSCL,Output_1,0.007,0.844842
BANKS,JSCL,Output_2,0.007849,0.824416
BANKS,JSCL,Output_3,0.010352,0.753812
BANKS,JSCL,Output_4,0.02485,-0.124292
BANKS,JSCLPSA,Output_1,0.013572,-0.095647
BANKS,JSCLPSA,Output_2,0.013933,-0.118666
BANKS,JSCLPSA,Output_3,0.015125,-0.23023
BANKS,JSCLPSA,Output_4,0.027666,0.071198
BANKS,JSGCL,Output_1,0.019656,0.559591
BANKS,JSGCL,Output_2,0.022281,0.495921
BANKS,JSGCL,Output_3,0.033186,0.226318
BANKS,JSGCL,Output_4,0.027071,0.294333
BANKS,JSIL,Output_1,0.026809,0.265442
BANKS,JSIL,Output_2,0.029672,0.192394
BANKS,JSIL,Output_3,0.038938,-0.109187
BANKS,JSIL,Output_4,0.056324,0.071865
BANKS,LSECL,Output_1,0.038605,-245.557061
BANKS,LSECL,Output_2,0.049439,-692.301147
BANKS,LSECL,Output_3,0.015573,-26.727931
BANKS,LSECL,Output_4,0.023889,-6.787652
BANKS,LSEVL,Output_1,0.012615,0.124374
BANKS,LSEVL,Output_2,0.014079,0.074757
BANKS,LSEVL,Output_3,0.021266,0.096175
BANKS,LSEVL,Output_4,0.052376,0.172331
BANKS,MCBIM,Output_1,0.003446,0.490616
BANKS,MCBIM,Output_2,0.003625,0.4719
BANKS,MCBIM,Output_3,0.004706,0.371995
BANKS,MCBIM,Output_4,0.064835,-0.109612
BANKS,NEXT,Output_1,0.012894,0.762766
BANKS,NEXT,Output_2,0.014043,0.742053
BANKS,NEXT,Output_3,0.019927,0.635642
BANKS,NEXT,Output_4,0.041641,0.245464
BANKS,OLPL,Output_1,0.006246,0.729518
BANKS,OLPL,Output_2,0.006594,0.716176
BANKS,OLPL,Output_3,0.009558,0.616744
BANKS,OLPL,Output_4,0.047946,0.215568
BANKS,PASL,Output_1,0.011876,0.64061
BANKS,PASL,Output_2,0.012887,0.611459
BANKS,PASL,Output_3,0.019212,0.434977
BANKS,PASL,Output_4,0.03778,0.006251
BANKS,PIAHCLA,Output_1,0.005923,0.865952
BANKS,PIAHCLA,Output_2,0.006573,0.852999
BANKS,PIAHCLA,Output_3,0.00721,0.843762
BANKS,PIAHCLA,Output_4,0.013919,0.753716
BANKS,PIAHCLB,Output_1,0.002504,-41.426334
BANKS,PIAHCLB,Output_2,0.002526,-74.080759
BANKS,PIAHCLB,Output_3,0.002649,-105.886286
BANKS,PIAHCLB,Output_4,0.079957,-0.236573
BANKS,PSX,Output_1,0.00497,0.746589
BANKS,PSX,Output_2,0.005463,0.722138
BANKS,PSX,Output_3,0.005056,0.748116
BANKS,PSX,Output_4,0.023807,0.412741
SUGAR & ALLIED INDUSTRIES,AABS,Output_1,0.00542,0.818886
SUGAR & ALLIED INDUSTRIES,AABS,Output_2,0.005575,0.816614
SUGAR & ALLIED INDUSTRIES,AABS,Output_3,0.006388,0.8036
SUGAR & ALLIED INDUSTRIES,AABS,Output_4,0.028849,0.53473
SUGAR & ALLIED INDUSTRIES,ADAMS,Output_1,0.00798,0.580912
SUGAR & ALLIED INDUSTRIES,ADAMS,Output_2,0.008743,0.540504
SUGAR & ALLIED INDUSTRIES,ADAMS,Output_3,0.011882,0.39886
SUGAR & ALLIED INDUSTRIES,ADAMS,Output_4,0.023539,0.152614
SUGAR & ALLIED INDUSTRIES,AGSML,Output_1,0.011109,0.75729
SUGAR & ALLIED INDUSTRIES,AGSML,Output_2,0.011957,0.736063
SUGAR & ALLIED INDUSTRIES,AGSML,Output_3,0.016301,0.624214
SUGAR & ALLIED INDUSTRIES,AGSML,Output_4,0.031257,0.247149
SUGAR & ALLIED INDUSTRIES,ALNRS,Output_1,0.028401,0.50398
SUGAR & ALLIED INDUSTRIES,ALNRS,Output_2,0.031014,0.460661
SUGAR & ALLIED INDUSTRIES,ALNRS,Output_3,0.041655,0.283764
SUGAR & ALLIED INDUSTRIES,ALNRS,Output_4,0.057837,-0.155616
SUGAR & ALLIED INDUSTRIES,CHAS,Output_1,0.016565,0.544048
SUGAR & ALLIED INDUSTRIES,CHAS,Output_2,0.017049,0.52002
SUGAR & ALLIED INDUSTRIES,CHAS,Output_3,0.019151,0.405489
SUGAR & ALLIED INDUSTRIES,CHAS,Output_4,0.030677,-0.613739
SUGAR & ALLIED INDUSTRIES,DWSM,Output_1,0.014082,0.501723
SUGAR & ALLIED INDUSTRIES,DWSM,Output_2,0.015912,0.453806
SUGAR & ALLIED INDUSTRIES,DWSM,Output_3,0.020503,0.369875
SUGAR & ALLIED INDUSTRIES,DWSM,Output_4,0.044775,0.239545
SUGAR & ALLIED INDUSTRIES,FRSM,Output_1,0.017585,0.657299
SUGAR & ALLIED INDUSTRIES,FRSM,Output_2,0.019853,0.613582
SUGAR & ALLIED INDUSTRIES,FRSM,Output_3,0.030231,0.415683
SUGAR & ALLIED INDUSTRIES,FRSM,Output_4,0.052927,-0.149024
SUGAR & ALLIED INDUSTRIES,HABSM,Output_1,0.007446,0.851278
SUGAR & ALLIED INDUSTRIES,HABSM,Output_2,0.008217,0.838101
SUGAR & ALLIED INDUSTRIES,HABSM,Output_3,0.013297,0.757171
SUGAR & ALLIED INDUSTRIES,HABSM,Output_4,0.037728,0.493678
SUGAR & ALLIED INDUSTRIES,HRPL,Output_1,0.030142,0.10173
SUGAR & ALLIED INDUSTRIES,HRPL,Output_2,0.031279,0.068079
SUGAR & ALLIED INDUSTRIES,HRPL,Output_3,0.035981,-0.045915
SUGAR & ALLIED INDUSTRIES,HRPL,Output_4,0.038787,0.010328
SUGAR & ALLIED INDUSTRIES,HWQS,Output_1,0.009168,-0.162133
SUGAR & ALLIED INDUSTRIES,HWQS,Output_2,0.009008,-0.203081
SUGAR & ALLIED INDUSTRIES,HWQS,Output_3,0.011296,-0.386726
SUGAR & ALLIED INDUSTRIES,HWQS,Output_4,0.013079,-0.226529
SUGAR & ALLIED INDUSTRIES,JDWS,Output_1,0.001574,0.922632
SUGAR & ALLIED INDUSTRIES,JDWS,Output_2,0.002145,0.896663
SUGAR & ALLIED INDUSTRIES,JDWS,Output_3,0.004098,0.817221
SUGAR & ALLIED INDUSTRIES,JDWS,Output_4,0.020396,0.641192
SUGAR & ALLIED INDUSTRIES,JSML,Output_1,0.005892,0.645603
SUGAR & ALLIED INDUSTRIES,JSML,Output_2,0.006526,0.607795
SUGAR & ALLIED INDUSTRIES,JSML,Output_3,0.007783,0.522546
SUGAR & ALLIED INDUSTRIES,JSML,Output_4,0.042189,-0.055728
SUGAR & ALLIED INDUSTRIES,KPUS,Output_1,0.009816,0.798228
SUGAR & ALLIED INDUSTRIES,KPUS,Output_2,0.01032,0.790792
SUGAR & ALLIED INDUSTRIES,KPUS,Output_3,0.018744,0.637201
SUGAR & ALLIED INDUSTRIES,KPUS,Output_4,0.043592,0.050315
SUGAR & ALLIED INDUSTRIES,MIRKS,Output_1,0.012696,0.859732
SUGAR & ALLIED INDUSTRIES,MIRKS,Output_2,0.015104,0.834431
SUGAR & ALLIED INDUSTRIES,MIRKS,Output_3,0.024195,0.741048
SUGAR & ALLIED INDUSTRIES,MIRKS,Output_4,0.062834,0.343905
SUGAR & ALLIED INDUSTRIES,MRNS,Output_1,0.010635,0.67772
SUGAR & ALLIED INDUSTRIES,MRNS,Output_2,0.011553,0.642339
SUGAR & ALLIED INDUSTRIES,MRNS,Output_3,0.015079,0.489565
SUGAR & ALLIED INDUSTRIES,MRNS,Output_4,0.039673,-0.550579
SUGAR & ALLIED INDUSTRIES,NONS,Output_1,0.023991,0.592964
SUGAR & ALLIED INDUSTRIES,NONS,Output_2,0.027654,0.530631
SUGAR & ALLIED INDUSTRIES,NONS,Output_3,0.042046,0.284294
SUGAR & ALLIED INDUSTRIES,NONS,Output_4,0.063238,-0.120533
SUGAR & ALLIED INDUSTRIES,SANSM,Output_1,0.005647,0.716184
SUGAR & ALLIED INDUSTRIES,SANSM,Output_2,0.007309,0.635145
SUGAR & ALLIED INDUSTRIES,SANSM,Output_3,0.014074,0.301432
SUGAR & ALLIED INDUSTRIES,SANSM,Output_4,0.042221,0.228567
SUGAR & ALLIED INDUSTRIES,SHJS,Output_1,0.007469,0.743134
SUGAR & ALLIED INDUSTRIES,SHJS,Output_2,0.007573,0.742518
SUGAR & ALLIED INDUSTRIES,SHJS,Output_3,0.01043,0.665057
SUGAR & ALLIED INDUSTRIES,SHJS,Output_4,0.026544,0.548458
SUGAR & ALLIED INDUSTRIES,SHSML,Output_1,0.007684,0.870417
SUGAR & ALLIED INDUSTRIES,SHSML,Output_2,0.007712,0.871064
SUGAR & ALLIED INDUSTRIES,SHSML,Output_3,0.008903,0.856318
SUGAR & ALLIED INDUSTRIES,SHSML,Output_4,0.026767,0.627491
SUGAR & ALLIED INDUSTRIES,SKRS,Output_1,0.014056,0.254763
SUGAR & ALLIED INDUSTRIES,SKRS,Output_2,0.014935,0.207538
SUGAR & ALLIED INDUSTRIES,SKRS,Output_3,0.018581,0.04096
SUGAR & ALLIED INDUSTRIES,SKRS,Output_4,0.039698,-0.325141
SUGAR & ALLIED INDUSTRIES,SML,Output_1,0.018577,0.360653
SUGAR & ALLIED INDUSTRIES,SML,Output_2,0.02021,0.325467
SUGAR & ALLIED INDUSTRIES,SML,Output_3,0.026348,0.194436
SUGAR & ALLIED INDUSTRIES,SML,Output_4,0.036572,-0.007627
SUGAR & ALLIED INDUSTRIES,TCORP,Output_1,0.013737,0.694403
SUGAR & ALLIED INDUSTRIES,TCORP,Output_2,0.015029,0.66585
SUGAR & ALLIED INDUSTRIES,TCORP,Output_3,0.021489,0.523792
SUGAR & ALLIED INDUSTRIES,TCORP,Output_4,0.048886,-0.355209
SUGAR & ALLIED INDUSTRIES,TSML,Output_1,0.010499,0.49861
SUGAR & ALLIED INDUSTRIES,TSML,Output_2,0.012091,0.422653
SUGAR & ALLIED INDUSTRIES,TSML,Output_3,0.010908,0.400608
SUGAR & ALLIED INDUSTRIES,TSML,Output_4,0.025324,-2.935483
TEXTILE SPINNING,AATM,Output_1,0.000405,-5.106922
TEXTILE SPINNING,AATM,Output_2,0.001003,-21.696716
TEXTILE SPINNING,AATM,Output_3,0.031396,-101.578119
TEXTILE SPINNING,AATM,Output_4,0.002228,0.0
TEXTILE SPINNING,AMTEX,Output_1,0.002243,
TEXTILE SPINNING,AMTEX,Output_2,0.01045,
TEXTILE SPINNING,AMTEX,Output_3,0.004067,
TEXTILE SPINNING,AMTEX,Output_4,0.00736,
TEXTILE SPINNING,ARCTM,Output_1,0.012372,0.593798
TEXTILE SPINNING,ARCTM,Output_2,0.013994,0.546902
TEXTILE SPINNING,ARCTM,Output_3,0.017881,0.447518
TEXTILE SPINNING,ARCTM,Output_4,0.023339,0.310535
TEXTILE SPINNING,ASTM,Output_1,0.014783,0.671409
TEXTILE SPINNING,ASTM,Output_2,0.016565,0.634438
TEXTILE SPINNING,ASTM,Output_3,0.024732,0.46214
TEXTILE SPINNING,ASTM,Output_4,0.049092,0.127273
TEXTILE SPINNING,BILF,Output_1,0.005092,0.518716
TEXTILE SPINNING,BILF,Output_2,0.005838,0.489174
TEXTILE SPINNING,BILF,Output_3,0.009644,0.436495
TEXTILE SPINNING,BILF,Output_4,0.033161,0.171426
TEXTILE SPINNING,CTM,Output_1,0.013864,0.727191
TEXTILE SPINNING,CTM,Output_2,0.015707,0.690834
TEXTILE SPINNING,CTM,Output_3,0.022757,0.557365
TEXTILE SPINNING,CTM,Output_4,0.041393,0.040079
TEXTILE SPINNING,CWSM,Output_1,0.007323,0.741132
TEXTILE SPINNING,CWSM,Output_2,0.007388,0.746296
TEXTILE SPINNING,CWSM,Output_3,0.007377,0.768834
TEXTILE SPINNING,CWSM,Output_4,0.007535,0.804773
TEXTILE SPINNING,DFSM,Output_1,0.016615,0.553635
TEXTILE SPINNING,DFSM,Output_2,0.018969,0.487703
TEXTILE SPINNING,DFSM,Output_3,0.02704,0.262411
TEXTILE SPINNING,DFSM,Output_4,0.042883,-0.186275
TEXTILE SPINNING,DINT,Output_1,0.011786,0.828735
TEXTILE SPINNING,DINT,Output_2,0.014132,0.790755
TEXTILE SPINNING,DINT,Output_3,0.030794,0.51444
TEXTILE SPINNING,DINT,Output_4,0.086039,-0.961654
TEXTILE SPINNING,DSIL,Output_1,0.010196,0.632196
TEXTILE SPINNING,DSIL,Output_2,0.011626,0.589104
TEXTILE SPINNING,DSIL,Output_3,0.01876,0.421605
TEXTILE SPINNING,DSIL,Output_4,0.032426,0.125243
TEXTILE SPINNING,DWTM,Output_1,0.029691,0.445476
TEXTILE SPINNING,DWTM,Output_2,0.032978,0.38645
TEXTILE SPINNING,DWTM,Output_3,0.041592,0.219956
TEXTILE SPINNING,DWTM,Output_4,0.091953,-1.842607
TEXTILE SPINNING,GADT,Output_1,0.012419,0.671887
TEXTILE SPINNING,GADT,Output_2,0.013492,0.643608
TEXTILE SPINNING,GADT,Output_3,0.020221,0.462795
TEXTILE SPINNING,GADT,Output_4,0.038199,0.019897
TEXTILE SPINNING,GSPM,Output_1,0.000484,
TEXTILE SPINNING,GSPM,Output_2,0.007201,
TEXTILE SPINNING,GSPM,Output_3,0.0009,
TEXTILE SPINNING,GSPM,Output_4,0.014303,
TEXTILE SPINNING,HIRAT,Output_1,0.016718,0.744279
TEXTILE SPINNING,HIRAT,Output_2,0.018443,0.717707
TEXTILE SPINNING,HIRAT,Output_3,0.024885,0.620414
TEXTILE SPINNING,HIRAT,Output_4,0.045073,0.240949
TEXTILE SPINNING,IDRT,Output_1,0.009101,0.062895
TEXTILE SPINNING,IDRT,Output_2,0.009455,0.029449
TEXTILE SPINNING,IDRT,Output_3,0.018217,-0.95276
TEXTILE SPINNING,IDRT,Output_4,0.040877,-0.037203
TEXTILE SPINNING,IDSM,Output_1,0.067587,0.121947
TEXTILE SPINNING,IDSM,Output_2,0.068743,0.106804
TEXTILE SPINNING,IDSM,Output_3,0.086086,-0.146326
TEXTILE SPINNING,IDSM,Output_4,0.099085,-31.747751
TEXTILE SPINNING,IDYM,Output_1,0.011154,0.644139
TEXTILE SPINNING,IDYM,Output_2,0.011962,0.610899
TEXTILE SPINNING,IDYM,Output_3,0.014252,0.500275
TEXTILE SPINNING,IDYM,Output_4,0.016089,-1.307289
TEXTILE SPINNING,JATM,Output_1,0.00923,0.893352
TEXTILE SPINNING,JATM,Output_2,0.011201,0.870952
TEXTILE SPINNING,JATM,Output_3,0.014665,0.832123
TEXTILE SPINNING,JATM,Output_4,0.045803,0.412526
TEXTILE SPINNING,JDMT,Output_1,0.017508,0.557322
TEXTILE SPINNING,JDMT,Output_2,0.019724,0.496173
TEXTILE SPINNING,JDMT,Output_3,0.023269,0.337623
TEXTILE SPINNING,JDMT,Output_4,0.033314,-0.811257
TEXTILE SPINNING,KOHTM,Output_1,0.015958,-0.103413
TEXTILE SPINNING,KOHTM,Output_2,0.01731,-0.202881
TEXTILE SPINNING,KOHTM,Output_3,0.027534,-0.357492
TEXTILE SPINNING,KOHTM,Output_4,0.048518,0.306841
TEXTILE SPINNING,KOSM,Output_1,0.008433,0.650389
TEXTILE SPINNING,KOSM,Output_2,0.008755,0.641985
TEXTILE SPINNING,KOSM,Output_3,0.011525,0.564795
TEXTILE SPINNING,KOSM,Output_4,0.014875,0.541268
TEXTILE SPINNING,NAGC,Output_1,0.02124,0.378402
TEXTILE SPINNING,NAGC,Output_2,0.023545,0.316727
TEXTILE SPINNING,NAGC,Output_3,0.032892,0.087529
TEXTILE SPINNING,NAGC,Output_4,0.032887,-0.022577
TEXTILE SPINNING,RCML,Output_1,0.033723,-0.073691
TEXTILE SPINNING,RCML,Output_2,0.037719,-0.34691
TEXTILE SPINNING,RCML,Output_3,0.048323,-1.175457
TEXTILE SPINNING,RCML,Output_4,0.066186,-3.568174
TEXTILE SPINNING,RUBY,Output_1,0.012337,0.565416
TEXTILE SPINNING,RUBY,Output_2,0.013841,0.51261
TEXTILE SPINNING,RUBY,Output_3,0.019312,0.329824
TEXTILE SPINNING,RUBY,Output_4,0.030966,-0.061553
TEXTILE SPINNING,SAIF,Output_1,0.020715,0.728629
TEXTILE SPINNING,SAIF,Output_2,0.023209,0.69625
TEXTILE SPINNING,SAIF,Output_3,0.033451,0.56262
TEXTILE SPINNING,SAIF,Output_4,0.06369,0.202837
TEXTILE SPINNING,SERT,Output_1,0.024349,0.401857
TEXTILE SPINNING,SERT,Output_2,0.026529,0.348591
TEXTILE SPINNING,SERT,Output_3,0.034999,0.135502
TEXTILE SPINNING,SERT,Output_4,0.034652,-0.665055
TEXTILE SPINNING,SHDT,Output_1,0.009746,0.861494
TEXTILE SPINNING,SHDT,Output_2,0.010844,0.844888
TEXTILE SPINNING,SHDT,Output_3,0.016549,0.747725
TEXTILE SPINNING,SHDT,Output_4,0.036894,0.009401
TEXTILE SPINNING,SLYT,Output_1,0.007394,0.85219
TEXTILE SPINNING,SLYT,Output_2,0.012259,0.756081
TEXTILE SPINNING,SLYT,Output_3,0.03191,0.357152
TEXTILE SPINNING,SLYT,Output_4,0.03596,0.004644
TEXTILE SPINNING,SSML,Output_1,0.005482,0.674739
TEXTILE SPINNING,SSML,Output_2,0.006038,0.641058
TEXTILE SPINNING,SSML,Output_3,0.007047,0.576267
TEXTILE SPINNING,SSML,Output_4,0.033881,-0.29452
TEXTILE SPINNING,SUTM,Output_1,0.003887,0.331427
TEXTILE SPINNING,SUTM,Output_2,0.003603,0.378043
TEXTILE SPINNING,SUTM,Output_3,0.003303,0.410426
TEXTILE SPINNING,SUTM,Output_4,0.004907,-0.653327
TEXTILE SPINNING,TATM,Output_1,0.01592,-0.175977
TEXTILE SPINNING,TATM,Output_2,0.017638,-0.287774
TEXTILE SPINNING,TATM,Output_3,0.023529,-0.518933
TEXTILE SPINNING,TATM,Output_4,0.038056,-0.609713
COMMERCIAL BANKS,ABL,Output_1,0.006806,0.725841
COMMERCIAL BANKS,ABL,Output_2,0.007899,0.691247
COMMERCIAL BANKS,ABL,Output_3,0.010604,0.630031
COMMERCIAL BANKS,ABL,Output_4,0.043605,0.364348
COMMERCIAL BANKS,AKBL,Output_1,0.00525,0.525359
COMMERCIAL BANKS,AKBL,Output_2,0.00571,0.495637
COMMERCIAL BANKS,AKBL,Output_3,0.007907,0.36972
COMMERCIAL BANKS,AKBL,Output_4,0.033605,0.273733
COMMERCIAL BANKS,BAFL,Output_1,0.00296,0.914203
COMMERCIAL BANKS,BAFL,Output_2,0.003417,0.903362
COMMERCIAL BANKS,BAFL,Output_3,0.004495,0.885767
COMMERCIAL BANKS,BAFL,Output_4,0.016127,0.798359
COMMERCIAL BANKS,BAHL,Output_1,0.006598,0.748955
COMMERCIAL BANKS,BAHL,Output_2,0.007432,0.723226
COMMERCIAL BANKS,BAHL,Output_3,0.009292,0.681845
COMMERCIAL BANKS,BAHL,Output_4,0.021995,0.682052
COMMERCIAL BANKS,BIPL,Output_1,0.008716,0.855462
COMMERCIAL BANKS,BIPL,Output_2,0.00948,0.843125
COMMERCIAL BANKS,BIPL,Output_3,0.012276,0.799865
COMMERCIAL BANKS,BIPL,Output_4,0.027021,0.613084
COMMERCIAL BANKS,BML,Output_1,0.008698,0.259627
COMMERCIAL BANKS,BML,Output_2,0.009299,0.203353
COMMERCIAL BANKS,BML,Output_3,0.012244,-0.06183
COMMERCIAL BANKS,BML,Output_4,0.0386,-0.285025
COMMERCIAL BANKS,BOK,Output_1,0.012578,0.692248
COMMERCIAL BANKS,BOK,Output_2,0.014276,0.651996
COMMERCIAL BANKS,BOK,Output_3,0.020817,0.495042
COMMERCIAL BANKS,BOK,Output_4,0.02229,0.264937
COMMERCIAL BANKS,BOP,Output_1,0.012441,0.617306
COMMERCIAL BANKS,BOP,Output_2,0.013207,0.58983
COMMERCIAL BANKS,BOP,Output_3,0.017157,0.445523
COMMERCIAL BANKS,BOP,Output_4,0.056823,-0.273317
COMMERCIAL BANKS,FABL,Output_1,0.004778,0.88469
COMMERCIAL BANKS,FABL,Output_2,0.005074,0.8804
COMMERCIAL BANKS,FABL,Output_3,0.007079,0.844203
COMMERCIAL BANKS,FABL,Output_4,0.021571,0.640162
COMMERCIAL BANKS,HBL,Output_1,0.013667,0.601342
COMMERCIAL BANKS,HBL,Output_2,0.01472,0.571256
COMMERCIAL BANKS,HBL,Output_3,0.019611,0.42924
COMMERCIAL BANKS,HBL,Output_4,0.057841,-0.126773
COMMERCIAL BANKS,HMB,Output_1,0.003324,0.867187
COMMERCIAL BANKS,HMB,Output_2,0.00356,0.860968
COMMERCIAL BANKS,HMB,Output_3,0.005047,0.821252
COMMERCIAL BANKS,HMB,Output_4,0.021748,0.672586
COMMERCIAL BANKS,JSBL,Output_1,0.007195,0.875326
COMMERCIAL BANKS,JSBL,Output_2,0.007854,0.864578
COMMERCIAL BANKS,JSBL,Output_3,0.010748,0.820774
COMMERCIAL BANKS,JSBL,Output_4,0.034149,0.540675
COMMERCIAL BANKS,MCB,Output_1,0.005148,0.861675
COMMERCIAL BANKS,MCB,Output_2,0.00577,0.849279
COMMERCIAL BANKS,MCB,Output_3,0.008256,0.804608
COMMERCIAL BANKS,MCB,Output_4,0.040808,0.508927
COMMERCIAL BANKS,MEBL,Output_1,0.00534,0.868236
COMMERCIAL BANKS,MEBL,Output_2,0.005673,0.861749
COMMERCIAL BANKS,MEBL,Output_3,0.007585,0.824437
COMMERCIAL BANKS,MEBL,Output_4,0.028681,0.520498
COMMERCIAL BANKS,NBP,Output_1,0.004519,0.739749
COMMERCIAL BANKS,NBP,Output_2,0.004665,0.742373
COMMERCIAL BANKS,NBP,Output_3,0.005844,0.716772
COMMERCIAL BANKS,NBP,Output_4,0.020714,0.613448
COMMERCIAL BANKS,SBL,Output_1,0.027523,0.650265
COMMERCIAL BANKS,SBL,Output_2,0.031668,0.599088
COMMERCIAL BANKS,SBL,Output_3,0.046086,0.418061
COMMERCIAL BANKS,SBL,Output_4,0.106656,-0.612135
COMMERCIAL BANKS,SCBPL,Output_1,0.007024,0.855338
COMMERCIAL BANKS,SCBPL,Output_2,0.007814,0.841251
COMMERCIAL BANKS,SCBPL,Output_3,0.010496,0.794178
COMMERCIAL BANKS,SCBPL,Output_4,0.042046,0.405981
COMMERCIAL BANKS,SNBL,Output_1,0.005655,0.569527
COMMERCIAL BANKS,SNBL,Output_2,0.006392,0.529002
COMMERCIAL BANKS,SNBL,Output_3,0.008508,0.461639
COMMERCIAL BANKS,SNBL,Output_4,0.035691,0.290301
COMMERCIAL BANKS,UBL,Output_1,0.000919,0.909334
COMMERCIAL BANKS,UBL,Output_2,0.001028,0.903517
COMMERCIAL BANKS,UBL,Output_3,0.00195,0.850375
COMMERCIAL BANKS,UBL,Output_4,0.019913,0.536345
PHARMACEUTICALS,ABOT,Output_1,0.005965,0.759396
PHARMACEUTICALS,ABOT,Output_2,0.006083,0.758138
PHARMACEUTICALS,ABOT,Output_3,0.008891,0.676593
PHARMACEUTICALS,ABOT,Output_4,0.044856,0.213196
PHARMACEUTICALS,AGP,Output_1,0.005671,0.720531
PHARMACEUTICALS,AGP,Output_2,0.006779,0.669322
PHARMACEUTICALS,AGP,Output_3,0.007005,0.695365
PHARMACEUTICALS,AGP,Output_4,0.041636,0.201905
PHARMACEUTICALS,CPHL,Output_1,0.00154,0.555122
PHARMACEUTICALS,CPHL,Output_2,0.001343,0.625254
PHARMACEUTICALS,CPHL,Output_3,0.001721,0.610585
PHARMACEUTICALS,CPHL,Output_4,0.015956,0.735213
PHARMACEUTICALS,FEROZ,Output_1,0.012432,0.826797
PHARMACEUTICALS,FEROZ,Output_2,0.013742,0.806666
PHARMACEUTICALS,FEROZ,Output_3,0.019724,0.719758
PHARMACEUTICALS,FEROZ,Output_4,0.074029,-0.023899
PHARMACEUTICALS,GLAXO,Output_1,0.003315,0.624251
PHARMACEUTICALS,GLAXO,Output_2,0.004776,0.484399
PHARMACEUTICALS,GLAXO,Output_3,0.008499,0.341237
PHARMACEUTICALS,GLAXO,Output_4,0.05638,0.036593
PHARMACEUTICALS,HALEON,Output_1,0.002098,0.914499
PHARMACEUTICALS,HALEON,Output_2,0.002448,0.909787
PHARMACEUTICALS,HALEON,Output_3,0.003946,0.913741
PHARMACEUTICALS,HALEON,Output_4,0.022353,0.792058
PHARMACEUTICALS,HINOON,Output_1,0.010099,0.527037
PHARMACEUTICALS,HINOON,Output_2,0.011564,0.473723
PHARMACEUTICALS,HINOON,Output_3,0.015786,0.387081
PHARMACEUTICALS,HINOON,Output_4,0.054252,-0.061075
PHARMACEUTICALS,HPL,Output_1,0.006387,0.626563
PHARMACEUTICALS,HPL,Output_2,0.007014,0.616211
PHARMACEUTICALS,HPL,Output_3,0.009272,0.613235
PHARMACEUTICALS,HPL,Output_4,0.041199,0.473332
PHARMACEUTICALS,IBLHL,Output_1,0.009894,0.892313
PHARMACEUTICALS,IBLHL,Output_2,0.01056,0.884859
PHARMACEUTICALS,IBLHL,Output_3,0.014261,0.841949
PHARMACEUTICALS,IBLHL,Output_4,0.042348,0.301789
PHARMACEUTICALS,LIVEN,Output_1,0.001137,0.216769
PHARMACEUTICALS,LIVEN,Output_2,0.001134,0.217236
PHARMACEUTICALS,LIVEN,Output_3,0.002276,-0.180014
PHARMACEUTICALS,LIVEN,Output_4,0.02314,0.544062
PHARMACEUTICALS,MACTER,Output_1,0.001758,0.524919
PHARMACEUTICALS,MACTER,Output_2,0.002055,0.437203
PHARMACEUTICALS,MACTER,Output_3,0.002548,0.348557
PHARMACEUTICALS,MACTER,Output_4,0.032411,0.497447
PHARMACEUTICALS,OTSU,Output_1,0.00942,0.814923
PHARMACEUTICALS,OTSU,Output_2,0.010477,0.782582
PHARMACEUTICALS,OTSU,Output_3,0.012969,0.665172
PHARMACEUTICALS,OTSU,Output_4,0.022383,-0.218471
PHARMACEUTICALS,SEARL,Output_1,0.004056,0.961297
PHARMACEUTICALS,SEARL,Output_2,0.004548,0.956176
PHARMACEUTICALS,SEARL,Output_3,0.006618,0.932942
PHARMACEUTICALS,SEARL,Output_4,0.029439,0.520829
EXCHANGE TRADED FUNDS,ACIETF,Output_1,0.010064,0.624325
EXCHANGE TRADED FUNDS,ACIETF,Output_2,0.013309,0.504138
EXCHANGE TRADED FUNDS,ACIETF,Output_3,0.017331,0.36648
EXCHANGE TRADED FUNDS,ACIETF,Output_4,0.028804,0.297963
EXCHANGE TRADED FUNDS,HBLTETF,Output_1,0.007349,0.964192
EXCHANGE TRADED FUNDS,HBLTETF,Output_2,0.015143,0.925919
EXCHANGE TRADED FUNDS,HBLTETF,Output_3,0.035958,0.819269
EXCHANGE TRADED FUNDS,HBLTETF,Output_4,0.032135,0.567872
EXCHANGE TRADED FUNDS,JSGBETF,Output_1,0.009949,-0.249673
EXCHANGE TRADED FUNDS,JSGBETF,Output_2,0.01345,-0.832205
EXCHANGE TRADED FUNDS,JSGBETF,Output_3,0.009952,-0.330569
EXCHANGE TRADED FUNDS,JSGBETF,Output_4,0.008134,-0.205676
EXCHANGE TRADED FUNDS,JSMFETF,Output_1,0.039176,0.463704
EXCHANGE TRADED FUNDS,JSMFETF,Output_2,0.039095,0.462013
EXCHANGE TRADED FUNDS,JSMFETF,Output_3,0.047599,0.320609
EXCHANGE TRADED FUNDS,JSMFETF,Output_4,0.071709,-0.508003
EXCHANGE TRADED FUNDS,MIIETF,Output_1,0.0038,-1.019266
EXCHANGE TRADED FUNDS,MIIETF,Output_2,0.006044,-1.054331
EXCHANGE TRADED FUNDS,MIIETF,Output_3,0.011159,0.144752
EXCHANGE TRADED FUNDS,MIIETF,Output_4,0.06961,-10.21401
EXCHANGE TRADED FUNDS,MZNPETF,Output_1,0.006332,0.781422
EXCHANGE TRADED FUNDS,MZNPETF,Output_2,0.006101,0.792854
EXCHANGE TRADED FUNDS,MZNPETF,Output_3,0.00842,0.74043
EXCHANGE TRADED FUNDS,MZNPETF,Output_4,0.045264,0.361074
EXCHANGE TRADED FUNDS,NBPGETF,Output_1,0.005526,0.763846
EXCHANGE TRADED FUNDS,NBPGETF,Output_2,0.007108,0.704355
EXCHANGE TRADED FUNDS,NBPGETF,Output_3,0.011081,0.615241
EXCHANGE TRADED FUNDS,NBPGETF,Output_4,0.024286,0.40113
EXCHANGE TRADED FUNDS,NITGETF,Output_1,0.002527,0.86178
EXCHANGE TRADED FUNDS,NITGETF,Output_2,0.003824,0.796905
EXCHANGE TRADED FUNDS,NITGETF,Output_3,0.005425,0.75784
EXCHANGE TRADED FUNDS,NITGETF,Output_4,0.026188,0.698975
EXCHANGE TRADED FUNDS,UBLPETF,Output_1,0.006025,0.627394
EXCHANGE TRADED FUNDS,UBLPETF,Output_2,0.004777,0.713253
EXCHANGE TRADED FUNDS,UBLPETF,Output_3,0.005869,0.700448
EXCHANGE TRADED FUNDS,UBLPETF,Output_4,0.036393,0.466202
CEMENT,ACPL,Output_1,0.004322,0.803353
CEMENT,ACPL,Output_2,0.004908,0.776475
CEMENT,ACPL,Output_3,0.009042,0.604978
CEMENT,ACPL,Output_4,0.060863,-0.197089
CEMENT,BWCL,Output_1,0.001319,0.876628
CEMENT,BWCL,Output_2,0.001358,0.880387
CEMENT,BWCL,Output_3,0.001991,0.860074
CEMENT,BWCL,Output_4,0.016988,0.67889
CEMENT,CHCC,Output_1,0.003653,0.710593
CEMENT,CHCC,Output_2,0.004783,0.649687
CEMENT,CHCC,Output_3,0.010355,0.471954
CEMENT,CHCC,Output_4,0.048111,0.002384
CEMENT,DBCI,Output_1,0.016445,
CEMENT,DBCI,Output_2,0.021254,
CEMENT,DBCI,Output_3,0.065586,
CEMENT,DBCI,Output_4,0.095531,
CEMENT,DCL,Output_1,0.010864,0.797649
CEMENT,DCL,Output_2,0.01175,0.780513
CEMENT,DCL,Output_3,0.015452,0.704936
CEMENT,DCL,Output_4,0.034665,0.209497
CEMENT,DGKC,Output_1,0.008122,0.868589
CEMENT,DGKC,Output_2,0.009169,0.850751
CEMENT,DGKC,Output_3,0.012839,0.785086
CEMENT,DGKC,Output_4,0.040107,0.309942
CEMENT,DNCC,Output_1,0.020388,0.522527
CEMENT,DNCC,Output_2,0.023504,0.449416
CEMENT,DNCC,Output_3,0.030094,0.293525
CEMENT,DNCC,Output_4,0.043615,-0.152751
CEMENT,FCCL,Output_1,0.002551,0.828723
CEMENT,FCCL,Output_2,0.003178,0.795796
CEMENT,FCCL,Output_3,0.00446,0.756196
CEMENT,FCCL,Output_4,0.030038,0.453542
CEMENT,FECTC,Output_1,0.003956,0.250008
CEMENT,FECTC,Output_2,0.004412,0.206727
CEMENT,FECTC,Output_3,0.008428,0.115103
CEMENT,FECTC,Output_4,0.045392,0.213677
CEMENT,FLYNG,Output_1,0.005756,0.681436
CEMENT,FLYNG,Output_2,0.006651,0.643423
CEMENT,FLYNG,Output_3,0.01095,0.506942
CEMENT,FLYNG,Output_4,0.035999,0.296161
CEMENT,GWLC,Output_1,0.010638,0.684722
CEMENT,GWLC,Output_2,0.011717,0.656713
CEMENT,GWLC,Output_3,0.01561,0.567675
CEMENT,GWLC,Output_4,0.045786,0.063821
CEMENT,KOHC,Output_1,0.004521,0.716118
CEMENT,KOHC,Output_2,0.005158,0.70478
CEMENT,KOHC,Output_3,0.009926,0.61066
CEMENT,KOHC,Output_4,0.035025,0.410274
CEMENT,LUCK,Output_1,0.003626,0.70555
CEMENT,LUCK,Output_2,0.003925,0.683461
CEMENT,LUCK,Output_3,0.005683,0.569338
CEMENT,LUCK,Output_4,0.031394,0.000544
CEMENT,MLCF,Output_1,0.00345,0.806139
CEMENT,MLCF,Output_2,0.00406,0.771862
CEMENT,MLCF,Output_3,0.004948,0.722094
CEMENT,MLCF,Output_4,0.025866,0.115795
CEMENT,PIOC,Output_1,0.00873,0.768557
CEMENT,PIOC,Output_2,0.010181,0.737688
CEMENT,PIOC,Output_3,0.014416,0.663014
CEMENT,PIOC,Output_4,0.06478,0.093742
CEMENT,POWER,Output_1,0.002875,0.910366
CEMENT,POWER,Output_2,0.003385,0.893721
CEMENT,POWER,Output_3,0.003996,0.869072
CEMENT,POWER,Output_4,0.025008,0.289905
CEMENT,POWERPS,Output_1,0.011184,0.458291
CEMENT,POWERPS,Output_2,0.013429,0.340613
CEMENT,POWERPS,Output_3,0.014994,0.250781
CEMENT,POWERPS,Output_4,0.033383,0.117612
CEMENT,SMCPL,Output_1,0.008067,0.719556
CEMENT,SMCPL,Output_2,0.008359,0.713084
CEMENT,SMCPL,Output_3,0.010301,0.66841
CEMENT,SMCPL,Output_4,0.013916,0.572022
CEMENT,THCCL,Output_1,0.001413,0.686968
CEMENT,THCCL,Output_2,0.00183,0.648055
CEMENT,THCCL,Output_3,0.003139,0.647517
CEMENT,THCCL,Output_4,0.039828,0.444519
TEXTILE COMPOSITE,ADMM,Output_1,0.015748,0.712715
TEXTILE COMPOSITE,ADMM,Output_2,0.016739,0.695825
TEXTILE COMPOSITE,ADMM,Output_3,0.018724,0.652037
TEXTILE COMPOSITE,ADMM,Output_4,0.028085,-0.014697
TEXTILE COMPOSITE,ANL,Output_1,0.007509,0.901847
TEXTILE COMPOSITE,ANL,Output_2,0.007885,0.897096
TEXTILE COMPOSITE,ANL,Output_3,0.010751,0.859016
TEXTILE COMPOSITE,ANL,Output_4,0.016582,0.665549
TEXTILE COMPOSITE,ANTM,Output_1,0.050811,-0.756239
TEXTILE COMPOSITE,ANTM,Output_2,0.052158,-1.02061
TEXTILE COMPOSITE,ANTM,Output_3,0.054876,-0.363745
TEXTILE COMPOSITE,ANTM,Output_4,0.045833,-0.574717
TEXTILE COMPOSITE,ARUJ,Output_1,0.040475,-0.020605
TEXTILE COMPOSITE,ARUJ,Output_2,0.046387,-0.176379
TEXTILE COMPOSITE,ARUJ,Output_3,0.065736,-0.765285
TEXTILE COMPOSITE,ARUJ,Output_4,0.063425,-0.721018
TEXTILE COMPOSITE,CHBL,Output_1,0.007684,
TEXTILE COMPOSITE,CHBL,Output_2,0.006449,
TEXTILE COMPOSITE,CHBL,Output_3,0.019071,
TEXTILE COMPOSITE,CHBL,Output_4,0.050768,
TEXTILE COMPOSITE,CRTM,Output_1,0.012905,0.770601
TEXTILE COMPOSITE,CRTM,Output_2,0.01406,0.751101
TEXTILE COMPOSITE,CRTM,Output_3,0.019029,0.667311
TEXTILE COMPOSITE,CRTM,Output_4,0.027015,-0.038448
TEXTILE COMPOSITE,FML,Output_1,0.015835,0.68045
TEXTILE COMPOSITE,FML,Output_2,0.017052,0.65323
TEXTILE COMPOSITE,FML,Output_3,0.022647,0.529398
TEXTILE COMPOSITE,FML,Output_4,0.039571,-0.338711
TEXTILE COMPOSITE,FZCM,Output_1,0.023527,0.720086
TEXTILE COMPOSITE,FZCM,Output_2,0.025912,0.691611
TEXTILE COMPOSITE,FZCM,Output_3,0.033919,0.594956
TEXTILE COMPOSITE,FZCM,Output_4,0.05709,0.221485
TEXTILE COMPOSITE,GATM,Output_1,0.010889,0.881999
TEXTILE COMPOSITE,GATM,Output_2,0.011781,0.87277
TEXTILE COMPOSITE,GATM,Output_3,0.01617,0.827257
TEXTILE COMPOSITE,GATM,Output_4,0.052721,0.375258
TEXTILE COMPOSITE,GFIL,Output_1,0.018667,0.654107
TEXTILE COMPOSITE,GFIL,Output_2,0.021249,0.606557
TEXTILE COMPOSITE,GFIL,Output_3,0.031059,0.424762
TEXTILE COMPOSITE,GFIL,Output_4,0.05752,-0.058436
TEXTILE COMPOSITE,HAEL,Output_1,0.029012,-0.040752
TEXTILE COMPOSITE,HAEL,Output_2,0.031855,-0.099783
TEXTILE COMPOSITE,HAEL,Output_3,0.047127,-0.340131
TEXTILE COMPOSITE,HAEL,Output_4,0.045106,0.054106
TEXTILE COMPOSITE,ILP,Output_1,0.015786,0.664623
TEXTILE COMPOSITE,ILP,Output_2,0.016803,0.642777
TEXTILE COMPOSITE,ILP,Output_3,0.022318,0.524181
TEXTILE COMPOSITE,ILP,Output_4,0.04851,-0.042147
TEXTILE COMPOSITE,INKL,Output_1,0.028832,-0.215902
TEXTILE COMPOSITE,INKL,Output_2,0.030478,-0.280981
TEXTILE COMPOSITE,INKL,Output_3,0.030523,-0.221563
TEXTILE COMPOSITE,INKL,Output_4,0.041418,-2.006612
TEXTILE COMPOSITE,JUBS,Output_1,0.011855,0.614486
TEXTILE COMPOSITE,JUBS,Output_2,0.012419,0.604166
TEXTILE COMPOSITE,JUBS,Output_3,0.015293,0.539192
TEXTILE COMPOSITE,JUBS,Output_4,0.041645,-0.202635
TEXTILE COMPOSITE,KHYT,Output_1,0.048092,-0.864911
TEXTILE COMPOSITE,KHYT,Output_2,0.042284,-1.360108
TEXTILE COMPOSITE,KHYT,Output_3,0.011328,0.396157
TEXTILE COMPOSITE,KHYT,Output_4,0.023461,-3.213252
TEXTILE COMPOSITE,KML,Output_1,0.023926,0.555532
TEXTILE COMPOSITE,KML,Output_2,0.025024,0.535698
TEXTILE COMPOSITE,KML,Output_3,0.037131,0.325458
TEXTILE COMPOSITE,KML,Output_4,0.042561,0.204399
TEXTILE COMPOSITE,KOIL,Output_1,0.006287,0.638598
TEXTILE COMPOSITE,KOIL,Output_2,0.007426,0.572349
TEXTILE COMPOSITE,KOIL,Output_3,0.008871,0.470366
TEXTILE COMPOSITE,KOIL,Output_4,0.021009,0.172488
TEXTILE COMPOSITE,KTML,Output_1,0.003253,0.632421
TEXTILE COMPOSITE,KTML,Output_2,0.003484,0.611988
TEXTILE COMPOSITE,KTML,Output_3,0.004627,0.529685
TEXTILE COMPOSITE,KTML,Output_4,0.027394,0.253231
TEXTILE COMPOSITE,MEHT,Output_1,0.051249,-0.026055
TEXTILE COMPOSITE,MEHT,Output_2,0.055763,-0.109151
TEXTILE COMPOSITE,MEHT,Output_3,0.059034,-0.272506
TEXTILE COMPOSITE,MEHT,Output_4,0.025534,-0.289725
TEXTILE COMPOSITE,MSOT,Output_1,0.015666,0.436281
TEXTILE COMPOSITE,MSOT,Output_2,0.016382,0.415739
TEXTILE COMPOSITE,MSOT,Output_3,0.020633,0.227186
TEXTILE COMPOSITE,MSOT,Output_4,0.022007,-0.151952
TEXTILE COMPOSITE,NCL,Output_1,0.019211,0.823585
TEXTILE COMPOSITE,NCL,Output_2,0.020842,0.808838
TEXTILE COMPOSITE,NCL,Output_3,0.028578,0.738124
TEXTILE COMPOSITE,NCL,Output_4,0.07256,0.254803
TEXTILE COMPOSITE,NML,Output_1,0.010599,0.761076
TEXTILE COMPOSITE,NML,Output_2,0.011255,0.744331
TEXTILE COMPOSITE,NML,Output_3,0.013167,0.692572
TEXTILE COMPOSITE,NML,Output_4,0.040505,0.044434
TEXTILE COMPOSITE,QUET,Output_1,0.018061,0.174427
TEXTILE COMPOSITE,QUET,Output_2,0.021471,0.0248
TEXTILE COMPOSITE,QUET,Output_3,0.036208,-0.271049
TEXTILE COMPOSITE,QUET,Output_4,0.052449,-0.252317
TEXTILE COMPOSITE,REDCO,Output_1,0.002129,-0.042315
TEXTILE COMPOSITE,REDCO,Output_2,0.002429,-0.136319
TEXTILE COMPOSITE,REDCO,Output_3,0.005177,-0.210555
TEXTILE COMPOSITE,REDCO,Output_4,0.051699,-0.090344
TEXTILE COMPOSITE,REWM,Output_1,0.005634,0.329413
TEXTILE COMPOSITE,REWM,Output_2,0.005845,0.283096
TEXTILE COMPOSITE,REWM,Output_3,0.006771,0.060703
TEXTILE COMPOSITE,REWM,Output_4,0.040591,-0.067629
TEXTILE COMPOSITE,SAPT,Output_1,0.011569,0.464551
TEXTILE COMPOSITE,SAPT,Output_2,0.013155,0.389642
TEXTILE COMPOSITE,SAPT,Output_3,0.01857,0.129453
TEXTILE COMPOSITE,SAPT,Output_4,0.030312,-1.029826
TEXTILE COMPOSITE,SFL,Output_1,0.01139,0.74668
TEXTILE COMPOSITE,SFL,Output_2,0.013253,0.705471
TEXTILE COMPOSITE,SFL,Output_3,0.021112,0.528745
TEXTILE COMPOSITE,SFL,Output_4,0.039607,-0.300046
TEXTILE COMPOSITE,STYLERS,Output_1,0.072448,-6.147003
TEXTILE COMPOSITE,STYLERS,Output_2,0.083042,-9.021637
TEXTILE COMPOSITE,STYLERS,Output_3,0.128512,-59.340891
TEXTILE COMPOSITE,STYLERS,Output_4,0.132029,-38.271286
TEXTILE COMPOSITE,SURC,Output_1,0.023395,0.667725
TEXTILE COMPOSITE,SURC,Output_2,0.024861,0.642852
TEXTILE COMPOSITE,SURC,Output_3,0.029848,0.527215
TEXTILE COMPOSITE,SURC,Output_4,0.039236,-1.991901
TEXTILE COMPOSITE,TOWL,Output_1,0.008919,0.619599
TEXTILE COMPOSITE,TOWL,Output_2,0.009608,0.586627
TEXTILE COMPOSITE,TOWL,Output_3,0.012507,0.449023
TEXTILE COMPOSITE,TOWL,Output_4,0.020758,-0.046648
TEXTILE COMPOSITE,ZAHID,Output_1,0.015018,0.297193
TEXTILE COMPOSITE,ZAHID,Output_2,0.017736,0.228803
TEXTILE COMPOSITE,ZAHID,Output_3,0.022595,-0.077453
TEXTILE COMPOSITE,ZAHID,Output_4,0.033968,-0.667396
ENGINEERING,AGHA,Output_1,0.004678,0.898929
ENGINEERING,AGHA,Output_2,0.004769,0.895516
ENGINEERING,AGHA,Output_3,0.006206,0.855288
ENGINEERING,AGHA,Output_4,0.009268,0.53112
ENGINEERING,ASL,Output_1,0.007748,0.907111
ENGINEERING,ASL,Output_2,0.008435,0.899098
ENGINEERING,ASL,Output_3,0.011393,0.864205
ENGINEERING,ASL,Output_4,0.012541,0.792709
ENGINEERING,ASTL,Output_1,0.012499,0.829131
ENGINEERING,ASTL,Output_2,0.012746,0.825636
ENGINEERING,ASTL,Output_3,0.01616,0.776895
ENGINEERING,ASTL,Output_4,0.027767,0.482265
ENGINEERING,BCL,Output_1,0.023641,0.676316
ENGINEERING,BCL,Output_2,0.026106,0.642533
ENGINEERING,BCL,Output_3,0.037587,0.48541
ENGINEERING,BCL,Output_4,0.053458,0.286869
ENGINEERING,BECO,Output_1,0.010623,0.760773
ENGINEERING,BECO,Output_2,0.01162,0.735449
ENGINEERING,BECO,Output_3,0.017718,0.564317
ENGINEERING,BECO,Output_4,0.040138,-2.452866
ENGINEERING,CSAP,Output_1,0.007684,0.749939
ENGINEERING,CSAP,Output_2,0.00836,0.735431
ENGINEERING,CSAP,Output_3,0.012361,0.648257
ENGINEERING,CSAP,Output_4,0.017531,0.685025
ENGINEERING,DADX,Output_1,0.033165,0.261746
ENGINEERING,DADX,Output_2,0.035253,0.212604
ENGINEERING,DADX,Output_3,0.045216,-0.025702
ENGINEERING,DADX,Output_4,0.041479,-0.423855
ENGINEERING,DSL,Output_1,0.009437,0.3287
ENGINEERING,DSL,Output_2,0.010393,0.267026
ENGINEERING,DSL,Output_3,0.013781,0.095967
ENGINEERING,DSL,Output_4,0.033841,-0.525579
ENGINEERING,INIL,Output_1,0.012328,0.81704
ENGINEERING,INIL,Output_2,0.013519,0.799362
ENGINEERING,INIL,Output_3,0.017198,0.745131
ENGINEERING,INIL,Output_4,0.023618,0.599873
ENGINEERING,ISL,Output_1,0.01424,0.762151
ENGINEERING,ISL,Output_2,0.01492,0.750722
ENGINEERING,ISL,Output_3,0.017832,0.702414
ENGINEERING,ISL,Output_4,0.038663,0.328304
ENGINEERING,ITTEFAQ,Output_1,0.007485,0.895769
ENGINEERING,ITTEFAQ,Output_2,0.008323,0.883773
ENGINEERING,ITTEFAQ,Output_3,0.011258,0.838751
ENGINEERING,ITTEFAQ,Output_4,0.019347,0.58485
ENGINEERING,KSBP,Output_1,0.017415,0.613005
ENGINEERING,KSBP,Output_2,0.017993,0.589573
ENGINEERING,KSBP,Output_3,0.021012,0.43635
ENGINEERING,KSBP,Output_4,0.025471,-2.029144
ENGINEERING,MSCL,Output_1,0.023162,0.463348
ENGINEERING,MSCL,Output_2,0.02506,0.42307
ENGINEERING,MSCL,Output_3,0.032017,0.295732
ENGINEERING,MSCL,Output_4,0.062346,0.01378
ENGINEERING,MUGHAL,Output_1,0.016372,0.730724
ENGINEERING,MUGHAL,Output_2,0.017833,0.706469
ENGINEERING,MUGHAL,Output_3,0.022282,0.631838
ENGINEERING,MUGHAL,Output_4,0.028492,0.494838
ENGINEERING,PECO,Output_1,0.015888,0.680015
ENGINEERING,PECO,Output_2,0.018613,0.639366
ENGINEERING,PECO,Output_3,0.025946,0.529909
ENGINEERING,PECO,Output_4,0.055745,-0.152932
INSURANCE,AGIC,Output_1,0.005367,0.677682
INSURANCE,AGIC,Output_2,0.005996,0.640704
INSURANCE,AGIC,Output_3,0.006862,0.58241
INSURANCE,AGIC,Output_4,0.032643,0.286137
INSURANCE,AICL,Output_1,0.008485,0.666063
INSURANCE,AICL,Output_2,0.008433,0.667105
INSURANCE,AICL,Output_3,0.008564,0.664291
INSURANCE,AICL,Output_4,0.020476,0.469398
INSURANCE,ALAC,Output_1,0.008262,0.744566
INSURANCE,ALAC,Output_2,0.00889,0.723858
INSURANCE,ALAC,Output_3,0.010763,0.655447
INSURANCE,ALAC,Output_4,0.018331,0.299804
INSURANCE,ALIFE,Output_1,0.024154,0.625143
INSURANCE,ALIFE,Output_2,0.028428,0.561827
INSURANCE,ALIFE,Output_3,0.036993,0.434574
INSURANCE,ALIFE,Output_4,0.090757,-1.015479
INSURANCE,ATIL,Output_1,0.01985,0.772015
INSURANCE,ATIL,Output_2,0.021929,0.747519
INSURANCE,ATIL,Output_3,0.032123,0.627094
INSURANCE,ATIL,Output_4,0.064215,0.228294
INSURANCE,CENI,Output_1,0.006669,0.381213
INSURANCE,CENI,Output_2,0.007781,0.315434
INSURANCE,CENI,Output_3,0.011066,0.250156
INSURANCE,CENI,Output_4,0.056531,0.171451
INSURANCE,CSIL,Output_1,0.012366,0.738345
INSURANCE,CSIL,Output_2,0.013825,0.707149
INSURANCE,CSIL,Output_3,0.017094,0.634077
INSURANCE,CSIL,Output_4,0.032215,0.335942
INSURANCE,EFUG,Output_1,0.004539,0.890452
INSURANCE,EFUG,Output_2,0.004713,0.885277
INSURANCE,EFUG,Output_3,0.010338,0.745154
INSURANCE,EFUG,Output_4,0.040829,0.148482
INSURANCE,EFUL,Output_1,0.006236,0.262396
INSURANCE,EFUL,Output_2,0.006674,0.197548
INSURANCE,EFUL,Output_3,0.00698,0.151145
INSURANCE,EFUL,Output_4,0.034143,-0.330001
INSURANCE,HICL,Output_1,0.006993,0.7203
INSURANCE,HICL,Output_2,0.007577,0.690795
INSURANCE,HICL,Output_3,0.009444,0.584104
INSURANCE,HICL,Output_4,0.032302,0.044985
INSURANCE,IGIHL,Output_1,0.007026,0.861804
INSURANCE,IGIHL,Output_2,0.007717,0.846882
INSURANCE,IGIHL,Output_3,0.011521,0.760693
INSURANCE,IGIHL,Output_4,0.028373,0.282046
INSURANCE,IGIL,Output_1,0.014996,0.844706
INSURANCE,IGIL,Output_2,0.01607,0.830863
INSURANCE,IGIL,Output_3,0.019513,0.77533
INSURANCE,IGIL,Output_4,0.034507,-0.065077
INSURANCE,JGICL,Output_1,0.015774,0.601175
INSURANCE,JGICL,Output_2,0.017025,0.568793
INSURANCE,JGICL,Output_3,0.022484,0.425726
INSURANCE,JGICL,Output_4,0.046869,0.175503
INSURANCE,JLICL,Output_1,0.004284,0.921232
INSURANCE,JLICL,Output_2,0.003972,0.925009
INSURANCE,JLICL,Output_3,0.005805,0.878811
INSURANCE,JLICL,Output_4,0.022135,-0.002048
INSURANCE,PAKRI,Output_1,0.008016,0.917145
INSURANCE,PAKRI,Output_2,0.008999,0.906064
INSURANCE,PAKRI,Output_3,0.014634,0.840412
INSURANCE,PAKRI,Output_4,0.034602,0.431406
INSURANCE,PIL,Output_1,0.006202,0.698331
INSURANCE,PIL,Output_2,0.00753,0.634831
INSURANCE,PIL,Output_3,0.011059,0.466992
INSURANCE,PIL,Output_4,0.031815,0.094578
INSURANCE,PINL,Output_1,0.022176,0.446238
INSURANCE,PINL,Output_2,0.024949,0.374577
INSURANCE,PINL,Output_3,0.029891,0.241295
INSURANCE,PINL,Output_4,0.038108,-0.158218
INSURANCE,PKGI,Output_1,0.02194,0.37149
INSURANCE,PKGI,Output_2,0.024995,0.295813
INSURANCE,PKGI,Output_3,0.030899,0.182641
INSURANCE,PKGI,Output_4,0.057421,-0.596396
INSURANCE,RICL,Output_1,0.006696,0.391749
INSURANCE,RICL,Output_2,0.007444,0.34303
INSURANCE,RICL,Output_3,0.008133,0.384722
INSURANCE,RICL,Output_4,0.031262,0.164557
INSURANCE,SHNI,Output_1,0.005304,0.656878
INSURANCE,SHNI,Output_2,0.006211,0.602153
INSURANCE,SHNI,Output_3,0.00951,0.441976
INSURANCE,SHNI,Output_4,0.040994,0.16046
INSURANCE,TPLI,Output_1,0.008673,0.842601
INSURANCE,TPLI,Output_2,0.009348,0.831767
INSURANCE,TPLI,Output_3,0.013339,0.765795
INSURANCE,TPLI,Output_4,0.022717,0.448466
INSURANCE,UNIC,Output_1,0.003987,0.874911
INSURANCE,UNIC,Output_2,0.004749,0.856347
INSURANCE,UNIC,Output_3,0.006503,0.824228
INSURANCE,UNIC,Output_4,0.029402,0.562541
INSURANCE,UVIC,Output_1,0.011314,0.494105
INSURANCE,UVIC,Output_2,0.01247,0.447332
INSURANCE,UVIC,Output_3,0.01502,0.386109
INSURANCE,UVIC,Output_4,0.041951,0.211945
AUTOMOBILE PARTS & ACCESSORIES,AGIL,Output_1,0.012669,0.851804
AUTOMOBILE PARTS & ACCESSORIES,AGIL,Output_2,0.01334,0.843475
AUTOMOBILE PARTS & ACCESSORIES,AGIL,Output_3,0.016071,0.808004
AUTOMOBILE PARTS & ACCESSORIES,AGIL,Output_4,0.045536,0.264401
AUTOMOBILE PARTS & ACCESSORIES,ATBA,Output_1,0.009345,0.712004
AUTOMOBILE PARTS & ACCESSORIES,ATBA,Output_2,0.01043,0.681788
AUTOMOBILE PARTS & ACCESSORIES,ATBA,Output_3,0.014435,0.584308
AUTOMOBILE PARTS & ACCESSORIES,ATBA,Output_4,0.021411,0.52506
AUTOMOBILE PARTS & ACCESSORIES,BELA,Output_1,0.010669,0.044467
AUTOMOBILE PARTS & ACCESSORIES,BELA,Output_2,0.018873,0.182922
AUTOMOBILE PARTS & ACCESSORIES,BELA,Output_3,0.022606,0.154395
AUTOMOBILE PARTS & ACCESSORIES,BELA,Output_4,0.011042,-5.725572
AUTOMOBILE PARTS & ACCESSORIES,BWHL,Output_1,0.013484,0.798482
AUTOMOBILE PARTS & ACCESSORIES,BWHL,Output_2,0.013711,0.795115
AUTOMOBILE PARTS & ACCESSORIES,BWHL,Output_3,0.019089,0.71461
AUTOMOBILE PARTS & ACCESSORIES,BWHL,Output_4,0.05604,0.161082
AUTOMOBILE PARTS & ACCESSORIES,DWAE,Output_1,0.017101,
AUTOMOBILE PARTS & ACCESSORIES,DWAE,Output_2,0.015351,
AUTOMOBILE PARTS & ACCESSORIES,DWAE,Output_3,0.024433,
AUTOMOBILE PARTS & ACCESSORIES,DWAE,Output_4,0.101366,
AUTOMOBILE PARTS & ACCESSORIES,EXIDE,Output_1,0.017725,0.541862
AUTOMOBILE PARTS & ACCESSORIES,EXIDE,Output_2,0.0198,0.499459
AUTOMOBILE PARTS & ACCESSORIES,EXIDE,Output_3,0.023438,0.474996
AUTOMOBILE PARTS & ACCESSORIES,EXIDE,Output_4,0.031696,0.520547
AUTOMOBILE PARTS & ACCESSORIES,GTYR,Output_1,0.011986,0.849289
AUTOMOBILE PARTS & ACCESSORIES,GTYR,Output_2,0.012453,0.843165
AUTOMOBILE PARTS & ACCESSORIES,GTYR,Output_3,0.017044,0.782555
AUTOMOBILE PARTS & ACCESSORIES,GTYR,Output_4,0.028946,0.42342
AUTOMOBILE PARTS & ACCESSORIES,LOADS,Output_1,0.009012,0.836768
AUTOMOBILE PARTS & ACCESSORIES,LOADS,Output_2,0.009581,0.825478
AUTOMOBILE PARTS & ACCESSORIES,LOADS,Output_3,0.012406,0.76714
AUTOMOBILE PARTS & ACCESSORIES,LOADS,Output_4,0.02136,0.595403
AUTOMOBILE PARTS & ACCESSORIES,PTL,Output_1,0.013852,0.657439
AUTOMOBILE PARTS & ACCESSORIES,PTL,Output_2,0.014562,0.620407
AUTOMOBILE PARTS & ACCESSORIES,PTL,Output_3,0.018274,0.379549
AUTOMOBILE PARTS & ACCESSORIES,PTL,Output_4,0.019571,-0.011063
AUTOMOBILE PARTS & ACCESSORIES,TBL,Output_1,0.035747,-6.92561
AUTOMOBILE PARTS & ACCESSORIES,TBL,Output_2,0.038221,-8.149058
AUTOMOBILE PARTS & ACCESSORIES,TBL,Output_3,0.037852,-10.427543
AUTOMOBILE PARTS & ACCESSORIES,TBL,Output_4,0.018188,-11.73711
AUTOMOBILE PARTS & ACCESSORIES,THALL,Output_1,0.017167,0.757256
AUTOMOBILE PARTS & ACCESSORIES,THALL,Output_2,0.018462,0.738955
AUTOMOBILE PARTS & ACCESSORIES,THALL,Output_3,0.024575,0.654598
AUTOMOBILE PARTS & ACCESSORIES,THALL,Output_4,0.050132,0.249136
FERTILIZER,AGL,Output_1,0.000769,0.941765
FERTILIZER,AGL,Output_2,0.000944,0.931734
FERTILIZER,AGL,Output_3,0.001138,0.932444
FERTILIZER,AGL,Output_4,0.005953,0.884124
FERTILIZER,AHCL,Output_1,0.001507,0.697497
FERTILIZER,AHCL,Output_2,0.001682,0.681231
FERTILIZER,AHCL,Output_3,0.002379,0.636271
FERTILIZER,AHCL,Output_4,0.015987,0.311523
FERTILIZER,EFERT,Output_1,0.001355,0.960849
FERTILIZER,EFERT,Output_2,0.001355,0.962026
FERTILIZER,EFERT,Output_3,0.002087,0.948476
FERTILIZER,EFERT,Output_4,0.009303,0.867949
FERTILIZER,FATIMA,Output_1,0.001364,0.903885
FERTILIZER,FATIMA,Output_2,0.001536,0.89687
FERTILIZER,FATIMA,Output_3,0.001996,0.889035
FERTILIZER,FATIMA,Output_4,0.010873,0.817022
FERTILIZER,FFC,Output_1,0.000615,0.915901
FERTILIZER,FFC,Output_2,0.00079,0.90539
FERTILIZER,FFC,Output_3,0.001268,0.903055
FERTILIZER,FFC,Output_4,0.011568,0.840335
AUTOMOBILE ASSEMBLER,AGTL,Output_1,0.005582,0.407152
AUTOMOBILE ASSEMBLER,AGTL,Output_2,0.006357,0.333611
AUTOMOBILE ASSEMBLER,AGTL,Output_3,0.008143,0.187909
AUTOMOBILE ASSEMBLER,AGTL,Output_4,0.027407,0.178496
AUTOMOBILE ASSEMBLER,ATLH,Output_1,0.003378,0.762551
AUTOMOBILE ASSEMBLER,ATLH,Output_2,0.003887,0.744173
AUTOMOBILE ASSEMBLER,ATLH,Output_3,0.005203,0.733992
AUTOMOBILE ASSEMBLER,ATLH,Output_4,0.015136,0.707039
AUTOMOBILE ASSEMBLER,DFML,Output_1,0.007186,0.863631
AUTOMOBILE ASSEMBLER,DFML,Output_2,0.008337,0.844938
AUTOMOBILE ASSEMBLER,DFML,Output_3,0.010455,0.820306
AUTOMOBILE ASSEMBLER,DFML,Output_4,0.029206,0.661308
AUTOMOBILE ASSEMBLER,GAL,Output_1,0.003471,0.768012
AUTOMOBILE ASSEMBLER,GAL,Output_2,0.004012,0.737221
AUTOMOBILE ASSEMBLER,GAL,Output_3,0.004529,0.736375
AUTOMOBILE ASSEMBLER,GAL,Output_4,0.005974,0.904839
AUTOMOBILE ASSEMBLER,GHNI,Output_1,0.002402,0.826164
AUTOMOBILE ASSEMBLER,GHNI,Output_2,0.002575,0.81745
AUTOMOBILE ASSEMBLER,GHNI,Output_3,0.003119,0.79858
AUTOMOBILE ASSEMBLER,GHNI,Output_4,0.016411,0.697565
AUTOMOBILE ASSEMBLER,HCAR,Output_1,0.009649,0.835346
AUTOMOBILE ASSEMBLER,HCAR,Output_2,0.010254,0.824857
AUTOMOBILE ASSEMBLER,HCAR,Output_3,0.010889,0.81281
AUTOMOBILE ASSEMBLER,HCAR,Output_4,0.028672,0.50067
AUTOMOBILE ASSEMBLER,HINO,Output_1,0.010582,0.578974
AUTOMOBILE ASSEMBLER,HINO,Output_2,0.010732,0.570614
AUTOMOBILE ASSEMBLER,HINO,Output_3,0.013072,0.464333
AUTOMOBILE ASSEMBLER,HINO,Output_4,0.026455,-0.031177
AUTOMOBILE ASSEMBLER,INDU,Output_1,0.006057,0.795209
AUTOMOBILE ASSEMBLER,INDU,Output_2,0.007094,0.767582
AUTOMOBILE ASSEMBLER,INDU,Output_3,0.010996,0.691203
AUTOMOBILE ASSEMBLER,INDU,Output_4,0.057887,0.137132
AUTOMOBILE ASSEMBLER,MTL,Output_1,0.011481,0.830471
AUTOMOBILE ASSEMBLER,MTL,Output_2,0.013237,0.80498
AUTOMOBILE ASSEMBLER,MTL,Output_3,0.017085,0.748817
AUTOMOBILE ASSEMBLER,MTL,Output_4,0.027482,0.457625
AUTOMOBILE ASSEMBLER,SAZEW,Output_1,0.0034,0.924025
AUTOMOBILE ASSEMBLER,SAZEW,Output_2,0.004037,0.912569
AUTOMOBILE ASSEMBLER,SAZEW,Output_3,0.005884,0.888659
AUTOMOBILE ASSEMBLER,SAZEW,Output_4,0.01059,0.887493
TECHNOLOGY & COMMUNICATION,AIRLINK,Output_1,0.004659,0.820756
TECHNOLOGY & COMMUNICATION,AIRLINK,Output_2,0.004846,0.818701
TECHNOLOGY & COMMUNICATION,AIRLINK,Output_3,0.00654,0.783995
TECHNOLOGY & COMMUNICATION,AIRLINK,Output_4,0.01691,0.801912
TECHNOLOGY & COMMUNICATION,AVN,Output_1,0.008856,0.77201
TECHNOLOGY & COMMUNICATION,AVN,Output_2,0.009161,0.765187
TECHNOLOGY & COMMUNICATION,AVN,Output_3,0.010887,0.724551
TECHNOLOGY & COMMUNICATION,AVN,Output_4,0.026692,0.331105
TECHNOLOGY & COMMUNICATION,GEMSPNL,Output_1,0.006259,0.287012
TECHNOLOGY & COMMUNICATION,GEMSPNL,Output_2,0.005952,0.197949
TECHNOLOGY & COMMUNICATION,GEMSPNL,Output_3,0.005509,0.114157
TECHNOLOGY & COMMUNICATION,GEMSPNL,Output_4,0.054997,0.10246
TECHNOLOGY & COMMUNICATION,HUMNL,Output_1,0.010391,0.463617
TECHNOLOGY & COMMUNICATION,HUMNL,Output_2,0.01124,0.450766
TECHNOLOGY & COMMUNICATION,HUMNL,Output_3,0.015172,0.443784
TECHNOLOGY & COMMUNICATION,HUMNL,Output_4,0.044437,0.187087
TECHNOLOGY & COMMUNICATION,MDTL,Output_1,0.018724,0.566037
TECHNOLOGY & COMMUNICATION,MDTL,Output_2,0.018816,0.562457
TECHNOLOGY & COMMUNICATION,MDTL,Output_3,0.021287,0.49496
TECHNOLOGY & COMMUNICATION,MDTL,Output_4,0.013319,0.626557
TECHNOLOGY & COMMUNICATION,NETSOL,Output_1,0.013294,0.528157
TECHNOLOGY & COMMUNICATION,NETSOL,Output_2,0.014445,0.483341
TECHNOLOGY & COMMUNICATION,NETSOL,Output_3,0.01843,0.321836
TECHNOLOGY & COMMUNICATION,NETSOL,Output_4,0.018085,-0.523389
TECHNOLOGY & COMMUNICATION,OCTOPUS,Output_1,0.009189,0.829548
TECHNOLOGY & COMMUNICATION,OCTOPUS,Output_2,0.011474,0.786159
TECHNOLOGY & COMMUNICATION,OCTOPUS,Output_3,0.018616,0.641224
TECHNOLOGY & COMMUNICATION,OCTOPUS,Output_4,0.060281,-0.182222
TECHNOLOGY & COMMUNICATION,PAKD,Output_1,0.018565,0.101294
TECHNOLOGY & COMMUNICATION,PAKD,Output_2,0.018557,0.084865
TECHNOLOGY & COMMUNICATION,PAKD,Output_3,0.020028,-0.157842
TECHNOLOGY & COMMUNICATION,PAKD,Output_4,0.030455,-0.248079
TECHNOLOGY & COMMUNICATION,PTC,Output_1,0.004417,0.692221
TECHNOLOGY & COMMUNICATION,PTC,Output_2,0.005756,0.605965
TECHNOLOGY & COMMUNICATION,PTC,Output_3,0.010791,0.347505
TECHNOLOGY & COMMUNICATION,PTC,Output_4,0.05135,0.103054
TECHNOLOGY & COMMUNICATION,STL,Output_1,0.052899,-0.155745
TECHNOLOGY & COMMUNICATION,STL,Output_2,0.05351,-0.206968
TECHNOLOGY & COMMUNICATION,STL,Output_3,0.048888,-0.224349
TECHNOLOGY & COMMUNICATION,STL,Output_4,0.047581,-5.491819
TECHNOLOGY & COMMUNICATION,SYM,Output_1,0.005092,0.729689
TECHNOLOGY & COMMUNICATION,SYM,Output_2,0.005544,0.717058
TECHNOLOGY & COMMUNICATION,SYM,Output_3,0.007278,0.667891
TECHNOLOGY & COMMUNICATION,SYM,Output_4,0.024128,0.515574
TECHNOLOGY & COMMUNICATION,SYS,Output_1,0.023936,0.320872
TECHNOLOGY & COMMUNICATION,SYS,Output_2,0.025643,0.265016
TECHNOLOGY & COMMUNICATION,SYS,Output_3,0.032162,0.044091
TECHNOLOGY & COMMUNICATION,SYS,Output_4,0.039532,-0.183524
TECHNOLOGY & COMMUNICATION,TELE,Output_1,0.00911,0.76726
TECHNOLOGY & COMMUNICATION,TELE,Output_2,0.01034,0.73281
TECHNOLOGY & COMMUNICATION,TELE,Output_3,0.0159,0.567051
TECHNOLOGY & COMMUNICATION,TELE,Output_4,0.029829,-0.015224
TECHNOLOGY & COMMUNICATION,TPL,Output_1,0.008543,0.830636
TECHNOLOGY & COMMUNICATION,TPL,Output_2,0.00985,0.804954
TECHNOLOGY & COMMUNICATION,TPL,Output_3,0.014267,0.718808
TECHNOLOGY & COMMUNICATION,TPL,Output_4,0.039993,0.241774
TECHNOLOGY & COMMUNICATION,TPLT,Output_1,0.01039,0.771231
TECHNOLOGY & COMMUNICATION,TPLT,Output_2,0.011024,0.757387
TECHNOLOGY & COMMUNICATION,TPLT,Output_3,0.012604,0.723508
TECHNOLOGY & COMMUNICATION,TPLT,Output_4,0.016771,0.594583
TECHNOLOGY & COMMUNICATION,TRG,Output_1,0.008438,0.817914
TECHNOLOGY & COMMUNICATION,TRG,Output_2,0.009251,0.800065
TECHNOLOGY & COMMUNICATION,TRG,Output_3,0.013886,0.696552
TECHNOLOGY & COMMUNICATION,TRG,Output_4,0.018641,0.589503
TECHNOLOGY & COMMUNICATION,WTL,Output_1,0.012976,0.671398
TECHNOLOGY & COMMUNICATION,WTL,Output_2,0.014881,0.622714
TECHNOLOGY & COMMUNICATION,WTL,Output_3,0.023237,0.406892
TECHNOLOGY & COMMUNICATION,WTL,Output_4,0.072056,-0.90566
MISCELLANEOUS,AKDHL,Output_1,0.004788,0.355699
MISCELLANEOUS,AKDHL,Output_2,0.005359,0.198091
MISCELLANEOUS,AKDHL,Output_3,0.005894,-0.283398
MISCELLANEOUS,AKDHL,Output_4,0.013811,-4.027119
MISCELLANEOUS,ARPAK,Output_1,0.028835,-1.068371
MISCELLANEOUS,ARPAK,Output_2,0.032603,-1.003832
MISCELLANEOUS,ARPAK,Output_3,0.055507,-1.120579
MISCELLANEOUS,ARPAK,Output_4,0.026508,-6.8005
MISCELLANEOUS,ECOP,Output_1,0.011807,0.729991
MISCELLANEOUS,ECOP,Output_2,0.012869,0.70518
MISCELLANEOUS,ECOP,Output_3,0.016437,0.624318
MISCELLANEOUS,ECOP,Output_4,0.013618,0.639021
MISCELLANEOUS,GAMON,Output_1,0.008869,0.614392
MISCELLANEOUS,GAMON,Output_2,0.01077,0.586026
MISCELLANEOUS,GAMON,Output_3,0.018695,0.48259
MISCELLANEOUS,GAMON,Output_4,0.021327,0.601936
MISCELLANEOUS,MWMP,Output_1,0.079084,
MISCELLANEOUS,MWMP,Output_2,0.089723,
MISCELLANEOUS,MWMP,Output_3,0.189536,
MISCELLANEOUS,MWMP,Output_4,0.444197,
MISCELLANEOUS,OML,Output_1,0.017384,-0.064753
MISCELLANEOUS,OML,Output_2,0.018401,-0.189719
MISCELLANEOUS,OML,Output_3,0.022324,-0.917938
MISCELLANEOUS,OML,Output_4,0.04905,-0.284104
MISCELLANEOUS,PABC,Output_1,0.004487,0.801673
MISCELLANEOUS,PABC,Output_2,0.004462,0.804858
MISCELLANEOUS,PABC,Output_3,0.004639,0.808454
MISCELLANEOUS,PABC,Output_4,0.036258,0.323305
MISCELLANEOUS,PSEL,Output_1,0.032094,0.347668
MISCELLANEOUS,PSEL,Output_2,0.029325,0.357166
MISCELLANEOUS,PSEL,Output_3,0.013977,0.368155
MISCELLANEOUS,PSEL,Output_4,0.007389,-0.595346
MISCELLANEOUS,SHFA,Output_1,0.002776,0.689889
MISCELLANEOUS,SHFA,Output_2,0.003215,0.654496
MISCELLANEOUS,SHFA,Output_3,0.008979,0.331529
MISCELLANEOUS,SHFA,Output_4,0.050482,0.086176
MISCELLANEOUS,STPL,Output_1,0.00731,0.875321
MISCELLANEOUS,STPL,Output_2,0.007639,0.870332
MISCELLANEOUS,STPL,Output_3,0.009973,0.832574
MISCELLANEOUS,STPL,Output_4,0.032385,0.176934
MISCELLANEOUS,TRIPF,Output_1,0.010035,0.818128
MISCELLANEOUS,TRIPF,Output_2,0.010682,0.807246
MISCELLANEOUS,TRIPF,Output_3,0.014882,0.734625
MISCELLANEOUS,TRIPF,Output_4,0.018611,0.670879
MISCELLANEOUS,UBDL,Output_1,0.009542,0.829484
MISCELLANEOUS,UBDL,Output_2,0.010156,0.817139
MISCELLANEOUS,UBDL,Output_3,0.013443,0.74829
MISCELLANEOUS,UBDL,Output_4,0.027759,0.043473
MISCELLANEOUS,UDPL,Output_1,0.03018,0.343798
MISCELLANEOUS,UDPL,Output_2,0.033023,0.279569
MISCELLANEOUS,UDPL,Output_3,0.039011,0.113998
MISCELLANEOUS,UDPL,Output_4,0.063369,-0.36751
POWER GENERATION & DISTRIBUTION,ALTN,Output_1,0.007847,0.593653
POWER GENERATION & DISTRIBUTION,ALTN,Output_2,0.008355,0.564769
POWER GENERATION & DISTRIBUTION,ALTN,Output_3,0.010742,0.426856
POWER GENERATION & DISTRIBUTION,ALTN,Output_4,0.026666,-0.786378
POWER GENERATION & DISTRIBUTION,EPQL,Output_1,0.012545,0.572599
POWER GENERATION & DISTRIBUTION,EPQL,Output_2,0.013019,0.555153
POWER GENERATION & DISTRIBUTION,EPQL,Output_3,0.015141,0.478486
POWER GENERATION & DISTRIBUTION,EPQL,Output_4,0.023035,0.26331
POWER GENERATION & DISTRIBUTION,HUBC,Output_1,0.01077,0.81007
POWER GENERATION & DISTRIBUTION,HUBC,Output_2,0.011675,0.794292
POWER GENERATION & DISTRIBUTION,HUBC,Output_3,0.014772,0.742256
POWER GENERATION & DISTRIBUTION,HUBC,Output_4,0.035539,0.509255
POWER GENERATION & DISTRIBUTION,KAPCO,Output_1,0.012909,0.680813
POWER GENERATION & DISTRIBUTION,KAPCO,Output_2,0.013009,0.677579
POWER GENERATION & DISTRIBUTION,KAPCO,Output_3,0.012597,0.687139
POWER GENERATION & DISTRIBUTION,KAPCO,Output_4,0.023205,0.338652
POWER GENERATION & DISTRIBUTION,KEL,Output_1,0.006804,0.81289
POWER GENERATION & DISTRIBUTION,KEL,Output_2,0.007899,0.783734
POWER GENERATION & DISTRIBUTION,KEL,Output_3,0.014364,0.624704
POWER GENERATION & DISTRIBUTION,KEL,Output_4,0.025715,0.447293
POWER GENERATION & DISTRIBUTION,KOHE,Output_1,0.011206,0.083264
POWER GENERATION & DISTRIBUTION,KOHE,Output_2,0.012451,0.033513
POWER GENERATION & DISTRIBUTION,KOHE,Output_3,0.01619,-0.042014
POWER GENERATION & DISTRIBUTION,KOHE,Output_4,0.038751,-0.381556
POWER GENERATION & DISTRIBUTION,KOHP,Output_1,0.011633,0.356203
POWER GENERATION & DISTRIBUTION,KOHP,Output_2,0.012119,0.336557
POWER GENERATION & DISTRIBUTION,KOHP,Output_3,0.013537,0.296297
POWER GENERATION & DISTRIBUTION,KOHP,Output_4,0.025752,-0.083799
POWER GENERATION & DISTRIBUTION,LPL,Output_1,0.015669,0.493611
POWER GENERATION & DISTRIBUTION,LPL,Output_2,0.016135,0.476893
POWER GENERATION & DISTRIBUTION,LPL,Output_3,0.016196,0.476188
POWER GENERATION & DISTRIBUTION,LPL,Output_4,0.028934,0.339281
POWER GENERATION & DISTRIBUTION,NCPL,Output_1,0.010586,0.830764
POWER GENERATION & DISTRIBUTION,NCPL,Output_2,0.011212,0.822676
POWER GENERATION & DISTRIBUTION,NCPL,Output_3,0.013984,0.794681
POWER GENERATION & DISTRIBUTION,NCPL,Output_4,0.025588,0.658903
POWER GENERATION & DISTRIBUTION,NPL,Output_1,0.014983,0.763459
POWER GENERATION & DISTRIBUTION,NPL,Output_2,0.015574,0.75496
POWER GENERATION & DISTRIBUTION,NPL,Output_3,0.018021,0.722795
POWER GENERATION & DISTRIBUTION,NPL,Output_4,0.05148,0.405048
POWER GENERATION & DISTRIBUTION,PKGP,Output_1,0.007837,0.75672
POWER GENERATION & DISTRIBUTION,PKGP,Output_2,0.008205,0.754385
POWER GENERATION & DISTRIBUTION,PKGP,Output_3,0.010562,0.728658
POWER GENERATION & DISTRIBUTION,PKGP,Output_4,0.054763,0.263637
POWER GENERATION & DISTRIBUTION,SGPL,Output_1,0.010448,0.441765
POWER GENERATION & DISTRIBUTION,SGPL,Output_2,0.010757,0.432022
POWER GENERATION & DISTRIBUTION,SGPL,Output_3,0.013801,0.28426
POWER GENERATION & DISTRIBUTION,SGPL,Output_4,0.021178,0.023295
POWER GENERATION & DISTRIBUTION,SPWL,Output_1,0.010692,0.275496
POWER GENERATION & DISTRIBUTION,SPWL,Output_2,0.011793,0.231704
POWER GENERATION & DISTRIBUTION,SPWL,Output_3,0.015016,0.126288
POWER GENERATION & DISTRIBUTION,SPWL,Output_4,0.030543,-0.285898
POWER GENERATION & DISTRIBUTION,TSPL,Output_1,0.0093,0.743117
POWER GENERATION & DISTRIBUTION,TSPL,Output_2,0.010692,0.703468
POWER GENERATION & DISTRIBUTION,TSPL,Output_3,0.019144,0.45907
POWER GENERATION & DISTRIBUTION,TSPL,Output_4,0.028328,0.151311
OIL & GAS MARKETING COMPANIES,APL,Output_1,0.006429,0.685645
OIL & GAS MARKETING COMPANIES,APL,Output_2,0.007103,0.66109
OIL & GAS MARKETING COMPANIES,APL,Output_3,0.009291,0.599643
OIL & GAS MARKETING COMPANIES,APL,Output_4,0.032303,0.321221
OIL & GAS MARKETING COMPANIES,BPL,Output_1,0.016818,0.417945
OIL & GAS MARKETING COMPANIES,BPL,Output_2,0.017986,0.37221
OIL & GAS MARKETING COMPANIES,BPL,Output_3,0.019068,0.32649
OIL & GAS MARKETING COMPANIES,BPL,Output_4,0.025535,0.207859
OIL & GAS MARKETING COMPANIES,HASCOL,Output_1,0.008322,0.608041
OIL & GAS MARKETING COMPANIES,HASCOL,Output_2,0.008149,0.598609
OIL & GAS MARKETING COMPANIES,HASCOL,Output_3,0.010625,0.395358
OIL & GAS MARKETING COMPANIES,HASCOL,Output_4,0.027564,-0.934729
OIL & GAS MARKETING COMPANIES,HTL,Output_1,0.014587,0.715326
OIL & GAS MARKETING COMPANIES,HTL,Output_2,0.015509,0.697307
OIL & GAS MARKETING COMPANIES,HTL,Output_3,0.019886,0.611928
OIL & GAS MARKETING COMPANIES,HTL,Output_4,0.031359,0.193791
OIL & GAS MARKETING COMPANIES,OBOY,Output_1,0.013493,0.517392
OIL & GAS MARKETING COMPANIES,OBOY,Output_2,0.012917,0.538378
OIL & GAS MARKETING COMPANIES,OBOY,Output_3,0.01101,0.606933
OIL & GAS MARKETING COMPANIES,OBOY,Output_4,0.006565,-0.879751
OIL & GAS MARKETING COMPANIES,PSO,Output_1,0.004656,0.580262
OIL & GAS MARKETING COMPANIES,PSO,Output_2,0.004512,0.595889
OIL & GAS MARKETING COMPANIES,PSO,Output_3,0.005899,0.504904
OIL & GAS MARKETING COMPANIES,PSO,Output_4,0.044561,-0.008252
OIL & GAS MARKETING COMPANIES,SNGP,Output_1,0.006105,0.630268
OIL & GAS MARKETING COMPANIES,SNGP,Output_2,0.006111,0.636816
OIL & GAS MARKETING COMPANIES,SNGP,Output_3,0.008055,0.578121
OIL & GAS MARKETING COMPANIES,SNGP,Output_4,0.032008,0.348377
OIL & GAS MARKETING COMPANIES,SSGC,Output_1,0.002086,0.061005
OIL & GAS MARKETING COMPANIES,SSGC,Output_2,0.002324,-0.067193
OIL & GAS MARKETING COMPANIES,SSGC,Output_3,0.003434,-0.045384
OIL & GAS MARKETING COMPANIES,SSGC,Output_4,0.024628,0.480909
OIL & GAS MARKETING COMPANIES,WAFI,Output_1,0.00994,0.693885
OIL & GAS MARKETING COMPANIES,WAFI,Output_2,0.009995,0.686376
OIL & GAS MARKETING COMPANIES,WAFI,Output_3,0.012346,0.558149
OIL & GAS MARKETING COMPANIES,WAFI,Output_4,0.019588,0.008167
CHEMICAL,ARPL,Output_1,0.013106,0.773953
CHEMICAL,ARPL,Output_2,0.013977,0.763576
CHEMICAL,ARPL,Output_3,0.019929,0.676399
CHEMICAL,ARPL,Output_4,0.035691,0.382332
CHEMICAL,BAPL,Output_1,0.009266,0.745008
CHEMICAL,BAPL,Output_2,0.010816,0.706389
CHEMICAL,BAPL,Output_3,0.018502,0.529546
CHEMICAL,BAPL,Output_4,0.043971,0.185503
CHEMICAL,BERG,Output_1,0.008595,0.516087
CHEMICAL,BERG,Output_2,0.009084,0.488641
CHEMICAL,BERG,Output_3,0.010456,0.421046
CHEMICAL,BERG,Output_4,0.019211,0.07713
CHEMICAL,BIFO,Output_1,0.007412,0.792752
CHEMICAL,BIFO,Output_2,0.007978,0.773108
CHEMICAL,BIFO,Output_3,0.010021,0.69781
CHEMICAL,BIFO,Output_4,0.046488,0.126589
CHEMICAL,BUXL,Output_1,0.011463,0.170526
CHEMICAL,BUXL,Output_2,0.012142,0.123483
CHEMICAL,BUXL,Output_3,0.01416,-0.008061
CHEMICAL,BUXL,Output_4,0.022858,-0.791656
CHEMICAL,DAAG,Output_1,0.010384,0.448053
CHEMICAL,DAAG,Output_2,0.012346,0.3449
CHEMICAL,DAAG,Output_3,0.019315,-0.019373
CHEMICAL,DAAG,Output_4,0.02303,-0.13712
CHEMICAL,DOL,Output_1,0.005781,0.699519
CHEMICAL,DOL,Output_2,0.005802,0.680371
CHEMICAL,DOL,Output_3,0.00728,0.559851
CHEMICAL,DOL,Output_4,0.022814,-1.866126
CHEMICAL,DYNO,Output_1,0.016191,0.505247
CHEMICAL,DYNO,Output_2,0.017778,0.456393
CHEMICAL,DYNO,Output_3,0.02357,0.278257
CHEMICAL,DYNO,Output_4,0.039004,-0.211648
CHEMICAL,EPCL,Output_1,0.012466,0.55723
CHEMICAL,EPCL,Output_2,0.013893,0.511542
CHEMICAL,EPCL,Output_3,0.01833,0.369518
CHEMICAL,EPCL,Output_4,0.037484,-0.106805
CHEMICAL,GCIL,Output_1,0.001891,0.039394
CHEMICAL,GCIL,Output_2,0.002147,-0.071109
CHEMICAL,GCIL,Output_3,0.004349,-0.429179
CHEMICAL,GCIL,Output_4,0.031199,-0.7232
CHEMICAL,GGL,Output_1,0.011633,0.820096
CHEMICAL,GGL,Output_2,0.013806,0.786918
CHEMICAL,GGL,Output_3,0.026596,0.591584
CHEMICAL,GGL,Output_4,0.034969,0.461463
CHEMICAL,ICL,Output_1,0.006154,0.536967
CHEMICAL,ICL,Output_2,0.00644,0.516555
CHEMICAL,ICL,Output_3,0.008051,0.43182
CHEMICAL,ICL,Output_4,0.039591,0.191754
CHEMICAL,LCI,Output_1,0.004998,0.688883
CHEMICAL,LCI,Output_2,0.005499,0.672731
CHEMICAL,LCI,Output_3,0.008955,0.546559
CHEMICAL,LCI,Output_4,0.038149,0.12496
CHEMICAL,LOTCHEM,Output_1,0.015239,0.704806
CHEMICAL,LOTCHEM,Output_2,0.016983,0.668288
CHEMICAL,LOTCHEM,Output_3,0.023293,0.529555
CHEMICAL,LOTCHEM,Output_4,0.027858,0.359296
CHEMICAL,LPGL,Output_1,0.013634,0.607305
CHEMICAL,LPGL,Output_2,0.015612,0.558296
CHEMICAL,LPGL,Output_3,0.021437,0.412989
CHEMICAL,LPGL,Output_4,0.027238,0.25449
CHEMICAL,NICL,Output_1,0.013274,0.608518
CHEMICAL,NICL,Output_2,0.014161,0.582384
CHEMICAL,NICL,Output_3,0.021976,0.3614
CHEMICAL,NICL,Output_4,0.060109,-0.488749
CHEMICAL,NRSL,Output_1,0.005161,0.639176
CHEMICAL,NRSL,Output_2,0.005898,0.583985
CHEMICAL,NRSL,Output_3,0.008823,0.361413
CHEMICAL,NRSL,Output_4,0.017921,0.101933
CHEMICAL,PAKOXY,Output_1,0.02295,0.688197
CHEMICAL,PAKOXY,Output_2,0.025248,0.656768
CHEMICAL,PAKOXY,Output_3,0.033936,0.533492
CHEMICAL,PAKOXY,Output_4,0.035364,0.467569
CHEMICAL,SARC,Output_1,0.050201,-0.161393
CHEMICAL,SARC,Output_2,0.051796,-0.218661
CHEMICAL,SARC,Output_3,0.061438,-0.527459
CHEMICAL,SARC,Output_4,0.037888,-0.060029
CHEMICAL,SITC,Output_1,0.021656,0.46406
CHEMICAL,SITC,Output_2,0.023055,0.428865
CHEMICAL,SITC,Output_3,0.028228,0.297502
CHEMICAL,SITC,Output_4,0.042294,-0.026382
CHEMICAL,SPL,Output_1,0.007441,0.859905
CHEMICAL,SPL,Output_2,0.007958,0.850105
CHEMICAL,SPL,Output_3,0.010214,0.807076
CHEMICAL,SPL,Output_4,0.02559,0.293467
CHEMICAL,WAHN,Output_1,0.015305,0.498014
CHEMICAL,WAHN,Output_2,0.0168,0.440364
CHEMICAL,WAHN,Output_3,0.022465,0.248076
CHEMICAL,WAHN,Output_4,0.041617,-0.664858
FOOD & PERSONAL CARE PRODUCTS,ASC,Output_1,0.011618,0.766483
FOOD & PERSONAL CARE PRODUCTS,ASC,Output_2,0.011791,0.760526
FOOD & PERSONAL CARE PRODUCTS,ASC,Output_3,0.013784,0.713361
FOOD & PERSONAL CARE PRODUCTS,ASC,Output_4,0.027742,0.33792
FOOD & PERSONAL CARE PRODUCTS,BNL,Output_1,0.002851,0.895283
FOOD & PERSONAL CARE PRODUCTS,BNL,Output_2,0.002901,0.890058
FOOD & PERSONAL CARE PRODUCTS,BNL,Output_3,0.002802,0.872863
FOOD & PERSONAL CARE PRODUCTS,BNL,Output_4,0.006023,0.486762
FOOD & PERSONAL CARE PRODUCTS,CLOV,Output_1,0.004564,0.897626
FOOD & PERSONAL CARE PRODUCTS,CLOV,Output_2,0.004543,0.895732
FOOD & PERSONAL CARE PRODUCTS,CLOV,Output_3,0.006444,0.833225
FOOD & PERSONAL CARE PRODUCTS,CLOV,Output_4,0.012222,0.464861
FOOD & PERSONAL CARE PRODUCTS,COLG,Output_1,0.004276,0.915714
FOOD & PERSONAL CARE PRODUCTS,COLG,Output_2,0.004649,0.907572
FOOD & PERSONAL CARE PRODUCTS,COLG,Output_3,0.00629,0.866176
FOOD & PERSONAL CARE PRODUCTS,COLG,Output_4,0.020932,0.272096
FOOD & PERSONAL CARE PRODUCTS,FCEPL,Output_1,0.016998,0.525041
FOOD & PERSONAL CARE PRODUCTS,FCEPL,Output_2,0.01891,0.472715
FOOD & PERSONAL CARE PRODUCTS,FCEPL,Output_3,0.024649,0.32166
FOOD & PERSONAL CARE PRODUCTS,FCEPL,Output_4,0.031978,0.155055
FOOD & PERSONAL CARE PRODUCTS,FFL,Output_1,0.012223,0.803341
FOOD & PERSONAL CARE PRODUCTS,FFL,Output_2,0.013456,0.782318
FOOD & PERSONAL CARE PRODUCTS,FFL,Output_3,0.018662,0.690275
FOOD & PERSONAL CARE PRODUCTS,FFL,Output_4,0.049916,0.13039
FOOD & PERSONAL CARE PRODUCTS,GLPL,Output_1,0.004735,0.554243
FOOD & PERSONAL CARE PRODUCTS,GLPL,Output_2,0.004821,0.518867
FOOD & PERSONAL CARE PRODUCTS,GLPL,Output_3,0.005695,0.300323
FOOD & PERSONAL CARE PRODUCTS,GLPL,Output_4,0.009352,-2.358379
FOOD & PERSONAL CARE PRODUCTS,ISIL,Output_1,0.011045,0.872411
FOOD & PERSONAL CARE PRODUCTS,ISIL,Output_2,0.012872,0.854522
FOOD & PERSONAL CARE PRODUCTS,ISIL,Output_3,0.016189,0.824878
FOOD & PERSONAL CARE PRODUCTS,ISIL,Output_4,0.023513,0.707782
FOOD & PERSONAL CARE PRODUCTS,MFFL,Output_1,0.01806,0.704791
FOOD & PERSONAL CARE PRODUCTS,MFFL,Output_2,0.018676,0.683684
FOOD & PERSONAL CARE PRODUCTS,MFFL,Output_3,0.022688,0.584985
FOOD & PERSONAL CARE PRODUCTS,MFFL,Output_4,0.044437,-0.04359
FOOD & PERSONAL CARE PRODUCTS,MFL,Output_1,0.015433,0.228067
FOOD & PERSONAL CARE PRODUCTS,MFL,Output_2,0.016418,0.1684
FOOD & PERSONAL CARE PRODUCTS,MFL,Output_3,0.021293,-0.129084
FOOD & PERSONAL CARE PRODUCTS,MFL,Output_4,0.042087,-0.302164
FOOD & PERSONAL CARE PRODUCTS,MUREB,Output_1,0.006388,0.792984
FOOD & PERSONAL CARE PRODUCTS,MUREB,Output_2,0.007453,0.76045
FOOD & PERSONAL CARE PRODUCTS,MUREB,Output_3,0.011485,0.651323
FOOD & PERSONAL CARE PRODUCTS,MUREB,Output_4,0.071262,-0.06799
FOOD & PERSONAL CARE PRODUCTS,NATF,Output_1,0.008303,0.802421
FOOD & PERSONAL CARE PRODUCTS,NATF,Output_2,0.009117,0.779352
FOOD & PERSONAL CARE PRODUCTS,NATF,Output_3,0.011489,0.711758
FOOD & PERSONAL CARE PRODUCTS,NATF,Output_4,0.030776,0.140075
FOOD & PERSONAL CARE PRODUCTS,NESTLE,Output_1,0.013766,0.680471
FOOD & PERSONAL CARE PRODUCTS,NESTLE,Output_2,0.015517,0.640012
FOOD & PERSONAL CARE PRODUCTS,NESTLE,Output_3,0.022122,0.487587
FOOD & PERSONAL CARE PRODUCTS,NESTLE,Output_4,0.045175,0.053824
FOOD & PERSONAL CARE PRODUCTS,PREMA,Output_1,0.002682,0.2114
FOOD & PERSONAL CARE PRODUCTS,PREMA,Output_2,0.002363,0.306292
FOOD & PERSONAL CARE PRODUCTS,PREMA,Output_3,0.003122,0.08536
FOOD & PERSONAL CARE PRODUCTS,PREMA,Output_4,0.009448,0.308389
FOOD & PERSONAL CARE PRODUCTS,QUICE,Output_1,0.016537,0.41177
FOOD & PERSONAL CARE PRODUCTS,QUICE,Output_2,0.018085,0.365122
FOOD & PERSONAL CARE PRODUCTS,QUICE,Output_3,0.023373,0.24259
FOOD & PERSONAL CARE PRODUCTS,QUICE,Output_4,0.042777,0.129893
FOOD & PERSONAL CARE PRODUCTS,RMPL,Output_1,0.034642,0.380183
FOOD & PERSONAL CARE PRODUCTS,RMPL,Output_2,0.03672,0.347142
FOOD & PERSONAL CARE PRODUCTS,RMPL,Output_3,0.042308,0.250745
FOOD & PERSONAL CARE PRODUCTS,RMPL,Output_4,0.047734,-0.030634
FOOD & PERSONAL CARE PRODUCTS,SCL,Output_1,0.030677,0.259586
FOOD & PERSONAL CARE PRODUCTS,SCL,Output_2,0.031368,0.255218
FOOD & PERSONAL CARE PRODUCTS,SCL,Output_3,0.035367,0.096402
FOOD & PERSONAL CARE PRODUCTS,SCL,Output_4,0.024721,-0.313948
FOOD & PERSONAL CARE PRODUCTS,SHEZ,Output_1,0.013163,0.868461
FOOD & PERSONAL CARE PRODUCTS,SHEZ,Output_2,0.014739,0.85198
FOOD & PERSONAL CARE PRODUCTS,SHEZ,Output_3,0.01688,0.823971
FOOD & PERSONAL CARE PRODUCTS,SHEZ,Output_4,0.027884,0.532212
FOOD & PERSONAL CARE PRODUCTS,TOMCL,Output_1,0.01503,0.756136
FOOD & PERSONAL CARE PRODUCTS,TOMCL,Output_2,0.017148,0.723455
FOOD & PERSONAL CARE PRODUCTS,TOMCL,Output_3,0.024557,0.611541
FOOD & PERSONAL CARE PRODUCTS,TOMCL,Output_4,0.037533,0.41983
FOOD & PERSONAL CARE PRODUCTS,TREET,Output_1,0.014673,0.733207
FOOD & PERSONAL CARE PRODUCTS,TREET,Output_2,0.015655,0.716465
FOOD & PERSONAL CARE PRODUCTS,TREET,Output_3,0.020466,0.63391
FOOD & PERSONAL CARE PRODUCTS,TREET,Output_4,0.037969,0.318167
FOOD & PERSONAL CARE PRODUCTS,UNITY,Output_1,0.013748,0.645376
FOOD & PERSONAL CARE PRODUCTS,UNITY,Output_2,0.014611,0.62087
FOOD & PERSONAL CARE PRODUCTS,UNITY,Output_3,0.01942,0.491741
FOOD & PERSONAL CARE PRODUCTS,UNITY,Output_4,0.033476,0.13158
FOOD & PERSONAL CARE PRODUCTS,UPFL,Output_1,0.01653,0.296701
FOOD & PERSONAL CARE PRODUCTS,UPFL,Output_2,0.017813,0.227591
FOOD & PERSONAL CARE PRODUCTS,UPFL,Output_3,0.022255,-0.056538
FOOD & PERSONAL CARE PRODUCTS,UPFL,Output_4,0.045191,-1.60002
FOOD & PERSONAL CARE PRODUCTS,ZIL,Output_1,0.011857,0.822736
FOOD & PERSONAL CARE PRODUCTS,ZIL,Output_2,0.013234,0.802589
FOOD & PERSONAL CARE PRODUCTS,ZIL,Output_3,0.017269,0.744953
FOOD & PERSONAL CARE PRODUCTS,ZIL,Output_4,0.016596,0.770046
REFINERY,ATRL,Output_1,0.00626,0.599779
REFINERY,ATRL,Output_2,0.007117,0.556422
REFINERY,ATRL,Output_3,0.007016,0.616369
REFINERY,ATRL,Output_4,0.02181,0.583195
REFINERY,CNERGY,Output_1,0.00771,0.872614
REFINERY,CNERGY,Output_2,0.008593,0.857054
REFINERY,CNERGY,Output_3,0.009054,0.844361
REFINERY,CNERGY,Output_4,0.028046,0.38045
REFINERY,NRL,Output_1,0.014551,0.681555
REFINERY,NRL,Output_2,0.016588,0.636195
REFINERY,NRL,Output_3,0.016142,0.641475
REFINERY,NRL,Output_4,0.017313,0.388287
REFINERY,PRL,Output_1,0.01466,0.425437
REFINERY,PRL,Output_2,0.016916,0.337562
REFINERY,PRL,Output_3,0.01768,0.32041
REFINERY,PRL,Output_4,0.047356,0.020659
LEATHER & TANNERIES,BATA,Output_1,0.014018,0.491711
LEATHER & TANNERIES,BATA,Output_2,0.015066,0.452744
LEATHER & TANNERIES,BATA,Output_3,0.017639,0.344088
LEATHER & TANNERIES,BATA,Output_4,0.014641,0.309718
LEATHER & TANNERIES,LEUL,Output_1,0.005492,0.463186
LEATHER & TANNERIES,LEUL,Output_2,0.005435,0.471252
LEATHER & TANNERIES,LEUL,Output_3,0.006731,0.363276
LEATHER & TANNERIES,LEUL,Output_4,0.012371,0.408533
LEATHER & TANNERIES,SGF,Output_1,0.008283,0.737716
LEATHER & TANNERIES,SGF,Output_2,0.008787,0.724914
LEATHER & TANNERIES,SGF,Output_3,0.011468,0.676389
LEATHER & TANNERIES,SGF,Output_4,0.040922,0.468094
LEATHER & TANNERIES,SRVI,Output_1,0.008912,0.756146
LEATHER & TANNERIES,SRVI,Output_2,0.00907,0.757599
LEATHER & TANNERIES,SRVI,Output_3,0.011605,0.713919
LEATHER & TANNERIES,SRVI,Output_4,0.046695,0.331852
MODARABAS,BFMOD,Output_1,0.038686,0.239647
MODARABAS,BFMOD,Output_2,0.043454,0.156186
MODARABAS,BFMOD,Output_3,0.060658,-0.097317
MODARABAS,BFMOD,Output_4,0.032427,-0.064278
MODARABAS,FANM,Output_1,0.035251,0.259743
MODARABAS,FANM,Output_2,0.037176,0.218032
MODARABAS,FANM,Output_3,0.042501,0.107466
MODARABAS,FANM,Output_4,0.035628,-0.487279
MODARABAS,FECM,Output_1,0.003794,0.303694
MODARABAS,FECM,Output_2,0.004329,0.227409
MODARABAS,FECM,Output_3,0.007773,-0.314779
MODARABAS,FECM,Output_4,0.012216,0.401095
MODARABAS,FFLM,Output_1,0.023869,0.183855
MODARABAS,FFLM,Output_2,0.027005,0.08213
MODARABAS,FFLM,Output_3,0.032536,-0.104333
MODARABAS,FFLM,Output_4,0.062881,-14.317342
MODARABAS,FHAM,Output_1,0.003749,0.880316
MODARABAS,FHAM,Output_2,0.004817,0.849321
MODARABAS,FHAM,Output_3,0.009257,0.738113
MODARABAS,FHAM,Output_4,0.019087,0.769488
MODARABAS,FIBLM,Output_1,0.036505,0.247452
MODARABAS,FIBLM,Output_2,0.040308,0.170172
MODARABAS,FIBLM,Output_3,0.059984,-0.235822
MODARABAS,FIBLM,Output_4,0.047326,-3.789094
MODARABAS,FIMM,Output_1,0.054766,-0.703291
MODARABAS,FIMM,Output_2,0.046361,-1.152779
MODARABAS,FIMM,Output_3,0.041052,-1.720914
MODARABAS,FIMM,Output_4,0.04605,-0.673186
MODARABAS,FPJM,Output_1,0.008516,0.632609
MODARABAS,FPJM,Output_2,0.009831,0.574201
MODARABAS,FPJM,Output_3,0.014381,0.373774
MODARABAS,FPJM,Output_4,0.027694,0.049793
MODARABAS,FPRM,Output_1,0.059156,-0.016102
MODARABAS,FPRM,Output_2,0.063346,-0.090729
MODARABAS,FPRM,Output_3,0.05867,-0.057698
MODARABAS,FPRM,Output_4,0.042385,0.101393
MODARABAS,FTMM,Output_1,0.009888,0.79341
MODARABAS,FTMM,Output_2,0.011056,0.761096
MODARABAS,FTMM,Output_3,0.014038,0.644305
MODARABAS,FTMM,Output_4,0.031668,-1.361447
MODARABAS,FTSM,Output_1,0.037006,0.210083
MODARABAS,FTSM,Output_2,0.040652,0.124771
MODARABAS,FTSM,Output_3,0.042284,-0.107227
MODARABAS,FTSM,Output_4,0.011356,-0.227466
MODARABAS,OLPM,Output_1,0.009582,0.790931
MODARABAS,OLPM,Output_2,0.010803,0.762169
MODARABAS,OLPM,Output_3,0.015624,0.645586
MODARABAS,OLPM,Output_4,0.041274,-0.099356
MODARABAS,ORM,Output_1,0.018689,0.080849
MODARABAS,ORM,Output_2,0.019388,0.052098
MODARABAS,ORM,Output_3,0.020374,0.053556
MODARABAS,ORM,Output_4,0.042144,0.060365
MODARABAS,PIM,Output_1,0.013681,0.274894
MODARABAS,PIM,Output_2,0.015652,0.159691
MODARABAS,PIM,Output_3,0.019001,-0.10443
MODARABAS,PIM,Output_4,0.01108,-0.303202
MODARABAS,PMI,Output_1,0.013481,0.552515
MODARABAS,PMI,Output_2,0.014922,0.501991
MODARABAS,PMI,Output_3,0.019994,0.33856
MODARABAS,PMI,Output_4,0.032348,-0.055631
MODARABAS,SINDM,Output_1,0.01508,0.53952
MODARABAS,SINDM,Output_2,0.016507,0.496579
MODARABAS,SINDM,Output_3,0.022467,0.31885
MODARABAS,SINDM,Output_4,0.04529,-0.075753
MODARABAS,TRSM,Output_1,0.014416,0.410482
MODARABAS,TRSM,Output_2,0.017327,0.308391
MODARABAS,TRSM,Output_3,0.023903,0.141794
MODARABAS,TRSM,Output_4,0.032165,0.281349
MODARABAS,UCAPM,Output_1,0.013454,0.029226
MODARABAS,UCAPM,Output_2,0.014495,-0.063936
MODARABAS,UCAPM,Output_3,0.014205,-0.113003
MODARABAS,UCAPM,Output_4,0.013401,-0.257479
GLASS & CERAMICS,BGL,Output_1,0.017058,0.499993
GLASS & CERAMICS,BGL,Output_2,0.018669,0.446708
GLASS & CERAMICS,BGL,Output_3,0.022815,0.302648
GLASS & CERAMICS,BGL,Output_4,0.028531,-0.017154
GLASS & CERAMICS,FRCL,Output_1,0.014965,0.40585
GLASS & CERAMICS,FRCL,Output_2,0.015823,0.366645
GLASS & CERAMICS,FRCL,Output_3,0.022199,0.090245
GLASS & CERAMICS,FRCL,Output_4,0.023626,-0.1004
GLASS & CERAMICS,GGGL,Output_1,0.008379,0.843858
GLASS & CERAMICS,GGGL,Output_2,0.009142,0.830067
GLASS & CERAMICS,GGGL,Output_3,0.011648,0.784507
GLASS & CERAMICS,GGGL,Output_4,0.020409,0.592745
GLASS & CERAMICS,GHGL,Output_1,0.007772,0.767045
GLASS & CERAMICS,GHGL,Output_2,0.008461,0.746706
GLASS & CERAMICS,GHGL,Output_3,0.012215,0.627196
GLASS & CERAMICS,GHGL,Output_4,0.026948,-0.51958
GLASS & CERAMICS,GVGL,Output_1,0.020569,0.655865
GLASS & CERAMICS,GVGL,Output_2,0.022226,0.628883
GLASS & CERAMICS,GVGL,Output_3,0.026254,0.562906
GLASS & CERAMICS,GVGL,Output_4,0.046338,0.234443
GLASS & CERAMICS,STCL,Output_1,0.011364,0.809639
GLASS & CERAMICS,STCL,Output_2,0.012815,0.785305
GLASS & CERAMICS,STCL,Output_3,0.016722,0.720053
GLASS & CERAMICS,STCL,Output_4,0.024506,0.550848
GLASS & CERAMICS,TGL,Output_1,0.004533,0.646884
GLASS & CERAMICS,TGL,Output_2,0.005155,0.598809
GLASS & CERAMICS,TGL,Output_3,0.007647,0.425118
GLASS & CERAMICS,TGL,Output_4,0.032157,-0.039244
WOOLLEN,BNWM,Output_1,0.014673,0.822196
WOOLLEN,BNWM,Output_2,0.016586,0.798428
WOOLLEN,BNWM,Output_3,0.021524,0.73643
WOOLLEN,BNWM,Output_4,0.043085,0.212951
PROPERTY,BRRG,Output_1,0.008727,-1.4815
PROPERTY,BRRG,Output_2,0.00893,-1.55473
PROPERTY,BRRG,Output_3,0.01065,-2.005518
PROPERTY,BRRG,Output_4,0.021686,0.626623
PROPERTY,JVDC,Output_1,0.00662,0.745295
PROPERTY,JVDC,Output_2,0.007407,0.707155
PROPERTY,JVDC,Output_3,0.009691,0.576047
PROPERTY,JVDC,Output_4,0.014859,0.43401
PROPERTY,PACE,Output_1,0.017773,0.588116
PROPERTY,PACE,Output_2,0.018766,0.56909
PROPERTY,PACE,Output_3,0.023988,0.470012
PROPERTY,PACE,Output_4,0.034234,0.471392
PROPERTY,TPLP,Output_1,0.00815,0.766111
PROPERTY,TPLP,Output_2,0.008087,0.768144
PROPERTY,TPLP,Output_3,0.014453,0.58661
PROPERTY,TPLP,Output_4,0.014057,0.586717
"PAPER, BOARD & PACKAGING",CEPB,Output_1,0.00832,0.902713
"PAPER, BOARD & PACKAGING",CEPB,Output_2,0.009221,0.892412
"PAPER, BOARD & PACKAGING",CEPB,Output_3,0.011167,0.867037
"PAPER, BOARD & PACKAGING",CEPB,Output_4,0.019282,0.691629
"PAPER, BOARD & PACKAGING",CPPL,Output_1,0.008719,0.873049
"PAPER, BOARD & PACKAGING",CPPL,Output_2,0.009062,0.867966
"PAPER, BOARD & PACKAGING",CPPL,Output_3,0.010783,0.838118
"PAPER, BOARD & PACKAGING",CPPL,Output_4,0.019075,0.475306
"PAPER, BOARD & PACKAGING",GEMPAPL,Output_1,0.006421,-0.188636
"PAPER, BOARD & PACKAGING",GEMPAPL,Output_2,0.004828,0.039775
"PAPER, BOARD & PACKAGING",GEMPAPL,Output_3,0.007344,-1.569984
"PAPER, BOARD & PACKAGING",GEMPAPL,Output_4,0.009323,-6.866607
"PAPER, BOARD & PACKAGING",MACFL,Output_1,0.011944,0.583309
"PAPER, BOARD & PACKAGING",MACFL,Output_2,0.013019,0.547947
"PAPER, BOARD & PACKAGING",MACFL,Output_3,0.015315,0.473967
"PAPER, BOARD & PACKAGING",MACFL,Output_4,0.018759,0.234271
"PAPER, BOARD & PACKAGING",MERIT,Output_1,0.013455,0.678592
"PAPER, BOARD & PACKAGING",MERIT,Output_2,0.014158,0.660581
"PAPER, BOARD & PACKAGING",MERIT,Output_3,0.017504,0.568646
"PAPER, BOARD & PACKAGING",MERIT,Output_4,0.02468,0.276797
"PAPER, BOARD & PACKAGING",PKGS,Output_1,0.007833,0.778039
"PAPER, BOARD & PACKAGING",PKGS,Output_2,0.009198,0.739468
"PAPER, BOARD & PACKAGING",PKGS,Output_3,0.014632,0.594789
"PAPER, BOARD & PACKAGING",PKGS,Output_4,0.034719,0.148041
"PAPER, BOARD & PACKAGING",PPP,Output_1,0.00443,0.64442
"PAPER, BOARD & PACKAGING",PPP,Output_2,0.005359,0.559635
"PAPER, BOARD & PACKAGING",PPP,Output_3,0.005493,0.517866
"PAPER, BOARD & PACKAGING",PPP,Output_4,0.054667,0.253856
"PAPER, BOARD & PACKAGING",RPL,Output_1,0.010566,0.832547
"PAPER, BOARD & PACKAGING",RPL,Output_2,0.01172,0.812533
"PAPER, BOARD & PACKAGING",RPL,Output_3,0.014138,0.758024
"PAPER, BOARD & PACKAGING",RPL,Output_4,0.018219,0.322754
"PAPER, BOARD & PACKAGING",SEPL,Output_1,0.007132,0.719545
"PAPER, BOARD & PACKAGING",SEPL,Output_2,0.007714,0.681989
"PAPER, BOARD & PACKAGING",SEPL,Output_3,0.010176,0.538845
"PAPER, BOARD & PACKAGING",SEPL,Output_4,0.023223,-0.018297
"PAPER, BOARD & PACKAGING",SPEL,Output_1,0.012457,0.859594
"PAPER, BOARD & PACKAGING",SPEL,Output_2,0.014629,0.834863
"PAPER, BOARD & PACKAGING",SPEL,Output_3,0.027701,0.682769
"PAPER, BOARD & PACKAGING",SPEL,Output_4,0.051236,0.404919
TRANSPORT,CLVL,Output_1,0.005012,0.440408
TRANSPORT,CLVL,Output_2,0.005761,0.359024
TRANSPORT,CLVL,Output_3,0.008196,0.123871
TRANSPORT,CLVL,Output_4,0.012315,-0.000839
TRANSPORT,GEMBLUEX,Output_1,0.019591,0.671937
TRANSPORT,GEMBLUEX,Output_2,0.020129,0.672217
TRANSPORT,GEMBLUEX,Output_3,0.038198,0.479821
TRANSPORT,GEMBLUEX,Output_4,0.146841,-0.336602
TRANSPORT,PIBTL,Output_1,0.007511,0.892408
TRANSPORT,PIBTL,Output_2,0.007916,0.885308
TRANSPORT,PIBTL,Output_3,0.0135,0.789362
TRANSPORT,PIBTL,Output_4,0.039476,0.007783
TRANSPORT,PICT,Output_1,0.005765,0.899985
TRANSPORT,PICT,Output_2,0.006525,0.887011
TRANSPORT,PICT,Output_3,0.011901,0.796384
TRANSPORT,PICT,Output_4,0.03653,0.425989
TRANSPORT,PNSC,Output_1,0.004519,0.894018
TRANSPORT,PNSC,Output_2,0.00519,0.87926
TRANSPORT,PNSC,Output_3,0.006337,0.859765
TRANSPORT,PNSC,Output_4,0.01421,0.79953
TRANSPORT,SLGL,Output_1,0.04034,-4.10339
TRANSPORT,SLGL,Output_2,0.0384,-2.931821
TRANSPORT,SLGL,Output_3,0.014883,-0.795376
TRANSPORT,SLGL,Output_4,0.010964,-0.022375
REAL ESTATE INVESTMENT TRUST,DCR,Output_1,0.00168,0.873258
REAL ESTATE INVESTMENT TRUST,DCR,Output_2,0.001784,0.869904
REAL ESTATE INVESTMENT TRUST,DCR,Output_3,0.002272,0.855848
REAL ESTATE INVESTMENT TRUST,DCR,Output_4,0.014439,0.68405
REAL ESTATE INVESTMENT TRUST,GRR,Output_1,0.007822,0.295183
REAL ESTATE INVESTMENT TRUST,GRR,Output_2,0.007891,0.244508
REAL ESTATE INVESTMENT TRUST,GRR,Output_3,0.007997,0.189821
REAL ESTATE INVESTMENT TRUST,GRR,Output_4,0.005742,0.643214
REAL ESTATE INVESTMENT TRUST,TPLRF1,Output_1,0.101584,-16.089549
REAL ESTATE INVESTMENT TRUST,TPLRF1,Output_2,0.030634,-6.008619
REAL ESTATE INVESTMENT TRUST,TPLRF1,Output_3,0.061399,-50.072888
REAL ESTATE INVESTMENT TRUST,TPLRF1,Output_4,0.442557,-209.996061
CABLE & ELECTRICAL GOODS,EMCO,Output_1,0.033468,0.284724
CABLE & ELECTRICAL GOODS,EMCO,Output_2,0.035303,0.253268
CABLE & ELECTRICAL GOODS,EMCO,Output_3,0.035483,0.244772
CABLE & ELECTRICAL GOODS,EMCO,Output_4,0.055887,-0.359686
CABLE & ELECTRICAL GOODS,PAEL,Output_1,0.009299,0.819265
CABLE & ELECTRICAL GOODS,PAEL,Output_2,0.009087,0.822418
CABLE & ELECTRICAL GOODS,PAEL,Output_3,0.01069,0.785101
CABLE & ELECTRICAL GOODS,PAEL,Output_4,0.031212,0.483128
CABLE & ELECTRICAL GOODS,PCAL,Output_1,0.016803,0.5647
CABLE & ELECTRICAL GOODS,PCAL,Output_2,0.017723,0.540827
CABLE & ELECTRICAL GOODS,PCAL,Output_3,0.019469,0.495323
CABLE & ELECTRICAL GOODS,PCAL,Output_4,0.047001,0.057111
CABLE & ELECTRICAL GOODS,SIEM,Output_1,0.007511,-0.181786
CABLE & ELECTRICAL GOODS,SIEM,Output_2,0.007539,-0.115947
CABLE & ELECTRICAL GOODS,SIEM,Output_3,0.017702,-0.021885
CABLE & ELECTRICAL GOODS,SIEM,Output_4,0.074746,0.082316
CABLE & ELECTRICAL GOODS,WAVES,Output_1,0.00846,0.900442
CABLE & ELECTRICAL GOODS,WAVES,Output_2,0.008361,0.900785
CABLE & ELECTRICAL GOODS,WAVES,Output_3,0.008277,0.897006
CABLE & ELECTRICAL GOODS,WAVES,Output_4,0.011706,0.756211
CABLE & ELECTRICAL GOODS,WAVESAPP,Output_1,0.041574,-0.087923
CABLE & ELECTRICAL GOODS,WAVESAPP,Output_2,0.041435,-0.09731
CABLE & ELECTRICAL GOODS,WAVESAPP,Output_3,0.045882,-0.267102
CABLE & ELECTRICAL GOODS,WAVESAPP,Output_4,0.055008,-0.432679
SYNTHETIC & RAYON,GATI,Output_1,0.00557,0.869565
SYNTHETIC & RAYON,GATI,Output_2,0.006111,0.855941
SYNTHETIC & RAYON,GATI,Output_3,0.007283,0.825077
SYNTHETIC & RAYON,GATI,Output_4,0.017422,0.458857
SYNTHETIC & RAYON,IBFL,Output_1,0.017333,0.707435
SYNTHETIC & RAYON,IBFL,Output_2,0.019148,0.67371
SYNTHETIC & RAYON,IBFL,Output_3,0.026082,0.544999
SYNTHETIC & RAYON,IBFL,Output_4,0.084524,-1.152726
SYNTHETIC & RAYON,IMAGE,Output_1,0.005529,0.529702
SYNTHETIC & RAYON,IMAGE,Output_2,0.005982,0.44985
SYNTHETIC & RAYON,IMAGE,Output_3,0.006621,0.224469
SYNTHETIC & RAYON,IMAGE,Output_4,0.008851,0.479662
SYNTHETIC & RAYON,NSRM,Output_1,0.014148,-0.048042
SYNTHETIC & RAYON,NSRM,Output_2,0.016118,-0.060045
SYNTHETIC & RAYON,NSRM,Output_3,0.014441,-0.114908
SYNTHETIC & RAYON,NSRM,Output_4,0.048583,0.044833
SYNTHETIC & RAYON,PSYL,Output_1,0.019064,0.68154
SYNTHETIC & RAYON,PSYL,Output_2,0.021262,0.642569
SYNTHETIC & RAYON,PSYL,Output_3,0.030615,0.470804
SYNTHETIC & RAYON,PSYL,Output_4,0.04372,0.143209
SYNTHETIC & RAYON,RUPL,Output_1,0.020244,0.69028
SYNTHETIC & RAYON,RUPL,Output_2,0.022558,0.655404
SYNTHETIC & RAYON,RUPL,Output_3,0.033247,0.499943
SYNTHETIC & RAYON,RUPL,Output_4,0.084403,-0.175437
CLOSE - END MUTUAL FUND,HGFA,Output_1,0.010802,0.644944
CLOSE - END MUTUAL FUND,HGFA,Output_2,0.012076,0.600429
CLOSE - END MUTUAL FUND,HGFA,Output_3,0.015331,0.497606
CLOSE - END MUTUAL FUND,HGFA,Output_4,0.033524,0.231043
CLOSE - END MUTUAL FUND,HIFA,Output_1,0.007984,0.807225
CLOSE - END MUTUAL FUND,HIFA,Output_2,0.008906,0.783584
CLOSE - END MUTUAL FUND,HIFA,Output_3,0.011465,0.721419
CLOSE - END MUTUAL FUND,HIFA,Output_4,0.035643,0.279744
CLOSE - END MUTUAL FUND,TSMF,Output_1,0.014341,0.520551
CLOSE - END MUTUAL FUND,TSMF,Output_2,0.014964,0.503247
CLOSE - END MUTUAL FUND,TSMF,Output_3,0.02243,0.318548
CLOSE - END MUTUAL FUND,TSMF,Output_4,0.018848,0.539308
TEXTILE WEAVING,ICCI,Output_1,0.026473,
TEXTILE WEAVING,ICCI,Output_2,0.042555,
TEXTILE WEAVING,ICCI,Output_3,0.094171,
TEXTILE WEAVING,ICCI,Output_4,0.006434,
TEXTILE WEAVING,PRWM,Output_1,0.020523,0.761939
TEXTILE WEAVING,PRWM,Output_2,0.02224,0.744607
TEXTILE WEAVING,PRWM,Output_3,0.031601,0.644209
TEXTILE WEAVING,PRWM,Output_4,0.05379,0.034597
TEXTILE WEAVING,STJT,Output_1,0.010411,0.113048
TEXTILE WEAVING,STJT,Output_2,0.010486,0.127701
TEXTILE WEAVING,STJT,Output_3,0.011186,0.192129
TEXTILE WEAVING,STJT,Output_4,0.018213,0.175812
TEXTILE WEAVING,YOUW,Output_1,0.015169,0.499296
TEXTILE WEAVING,YOUW,Output_2,0.01633,0.459794
TEXTILE WEAVING,YOUW,Output_3,0.020498,0.317704
TEXTILE WEAVING,YOUW,Output_4,0.030012,0.00234
TOBACCO,KHTC,Output_1,0.014501,0.552129
TOBACCO,KHTC,Output_2,0.016607,0.486825
TOBACCO,KHTC,Output_3,0.021321,0.352081
TOBACCO,KHTC,Output_4,0.014221,0.369345
TOBACCO,PAKT,Output_1,0.007011,0.835426
TOBACCO,PAKT,Output_2,0.007949,0.809252
TOBACCO,PAKT,Output_3,0.011798,0.678846
TOBACCO,PAKT,Output_4,0.022951,0.069674
TOBACCO,PMPK,Output_1,0.005699,0.623287
TOBACCO,PMPK,Output_2,0.00574,0.585356
TOBACCO,PMPK,Output_3,0.005324,0.537333
TOBACCO,PMPK,Output_4,0.009586,0.084864
OIL & GAS EXPLORATION COMPANIES,MARI,Output_1,0.004914,0.792915
OIL & GAS EXPLORATION COMPANIES,MARI,Output_2,0.007694,0.683679
OIL & GAS EXPLORATION COMPANIES,MARI,Output_3,0.016975,0.363565
OIL & GAS EXPLORATION COMPANIES,MARI,Output_4,0.028451,0.240819
OIL & GAS EXPLORATION COMPANIES,OGDC,Output_1,0.003219,0.808923
OIL & GAS EXPLORATION COMPANIES,OGDC,Output_2,0.003466,0.804108
OIL & GAS EXPLORATION COMPANIES,OGDC,Output_3,0.004068,0.821683
OIL & GAS EXPLORATION COMPANIES,OGDC,Output_4,0.01014,0.851257
OIL & GAS EXPLORATION COMPANIES,POL,Output_1,0.004928,0.787487
OIL & GAS EXPLORATION COMPANIES,POL,Output_2,0.004848,0.796694
OIL & GAS EXPLORATION COMPANIES,POL,Output_3,0.006794,0.739706
OIL & GAS EXPLORATION COMPANIES,POL,Output_4,0.014651,0.664524
OIL & GAS EXPLORATION COMPANIES,PPL,Output_1,0.002723,0.820746
OIL & GAS EXPLORATION COMPANIES,PPL,Output_2,0.003216,0.795633
OIL & GAS EXPLORATION COMPANIES,PPL,Output_3,0.004353,0.766124
OIL & GAS EXPLORATION COMPANIES,PPL,Output_4,0.010874,0.792978
LEASING COMPANIES,PGLC,Output_1,0.002773,0.345315
LEASING COMPANIES,PGLC,Output_2,0.003129,0.317432
LEASING COMPANIES,PGLC,Output_3,0.003453,0.355931
LEASING COMPANIES,PGLC,Output_4,0.012004,0.742188
VANASPATI & ALLIED INDUSTRIES,POML,Output_1,0.020954,0.660882
VANASPATI & ALLIED INDUSTRIES,POML,Output_2,0.023056,0.629366
VANASPATI & ALLIED INDUSTRIES,POML,Output_3,0.027631,0.556674
VANASPATI & ALLIED INDUSTRIES,POML,Output_4,0.014988,0.183968
VANASPATI & ALLIED INDUSTRIES,SSOM,Output_1,0.001963,0.312024
VANASPATI & ALLIED INDUSTRIES,SSOM,Output_2,0.002141,0.254728
VANASPATI & ALLIED INDUSTRIES,SSOM,Output_3,0.002511,0.148859
VANASPATI & ALLIED INDUSTRIES,SSOM,Output_4,0.009908,0.139038
